from,to,x,y,z,qx,qy,qz,qw,translation_sigma,rotation_sigma,loop
0,1,0.62996054130857393,-0.047055088305792143,0.42800071913282522,0.011133125423819001,-0.0010136941212066928,-0.010497673408834856,0.99988240548352869,0.059076311890003022,0.01561344097362647,0
1,2,0.66735938458979893,0.011049661185778766,0.39178755160450535,-0.0017550233248736955,-0.0027843255820214105,0.0037021294676453259,0.99998773075552649,0.059348580839506171,0.015198145559124202,0
2,3,0.65541394452333801,-0.036206189598997567,0.36565769364300893,0.0057845072043951114,-0.0017497113215841217,-0.012405135831335807,0.99990479076345051,0.058784699155184195,0.015551973180182498,0
3,4,0.65751720827758797,0.018883015361649873,0.36392067022518115,-0.0024539475964859515,-0.0009142582241913669,0.0093430189533263638,0.99995292402689184,0.058793677488510707,0.015388129225781892,0
4,5,0.66639195511860683,-0.053124796193168289,0.35638723952521367,0.018788874598913576,0.0075531715469783507,-0.02935311664114057,0.99936395889302509,0.058939250683332341,0.016426726090744252,0
5,6,0.65895986167517684,0.019561853078706615,0.36807924185777297,-0.0029866679054600513,0.002710080775135936,0.010961907197706263,0.9999317836070637,0.058876127345165279,0.015467220439723484,0
6,7,0.6543501349545382,0.011854011657472588,0.3668331684588626,-0.0049187508004016672,-0.0032711322388785011,0.010097508949738087,0.99993157060743376,0.058756352093840204,0.015467949306693042,0
7,8,0.6648047439424225,0.011832644904372781,0.37618189560661186,-0.011754737469038179,-0.0010300129004681324,0.0093296187193883003,0.99988685531664523,0.059098726685893992,0.015601722373296149,0
8,9,0.17255855125335806,-0.071530813914535613,0.06481662290078205,0.064151175692491791,0.016500606265822962,-0.12963209232593834,0.98934719754458844,0.044943069994585597,0.020843771403921706,0
9,10,0.10929333720311263,-0.086539421585553056,0.091351615970064248,0.076766971160101324,-0.011017994031947453,-0.10810330071791834,0.99111004046993056,0.044166775040851251,0.020337613771671627,0
10,11,-0.039378111405717675,-0.061458775065324378,-0.00020525607009869162,0.069530383786413588,-0.0037303977874216096,-0.11645410861197979,0.9907522649230992,0.041824804582082965,0.020444123074464388,0
11,12,-0.013418142324706839,-0.097452827142403109,-0.0074044959202295146,0.069083500145320081,0.0012518904582963849,-0.13472323210529943,0.98847132154102157,0.042466263193239658,0.021079710138252494,0
12,13,0.37592174711165427,0.14718088106463689,0.18137641785176317,-0.074730856306567811,-0.0013216955126202788,0.10750377308196415,0.99139118969748807,0.051064492099029524,0.020252409937740273,0
13,14,0.14708476548901395,-0.10468119874160831,0.100315420123128,0.079654569739627978,-0.0021994460878168483,-0.11589760314111359,0.99005962322611984,0.045163287780294284,0.020644647470479414,0
14,15,0.1007732796972105,-0.075717616144185484,0.053075330344853011,0.073457214406575932,0.0028692427280428306,-0.13292388517114495,0.98839619882352958,0.043419192337627567,0.021099524504714504,0
15,16,0.66568522577984979,-0.031630310393389038,0.37862651265951053,0.0087151890879523051,-0.00019459876220453913,-0.0046877593316486579,0.9999510150617037,0.059162061026378637,0.015395920550503749,0
16,17,0.67600265102244084,-0.0054088457073175888,0.3802850905027011,-0.0014152030220598883,-0.00355574829795795,0.0079010596686938557,0.99996146281272247,0.059391131830360967,0.01535116917768733,0
17,18,0.090716495352536342,-0.068376094167811985,0.0539830172079514,0.055329652166494901,0.0020686825588598647,-0.11669124920973037,0.99162366979690331,0.043144334083868773,0.020180903461573366,0
18,19,0.3844695092310868,-0.13112208401013614,0.23644404356409199,0.075058594982386609,-0.011006778449277587,-0.13552104897778194,0.98786593393607836,0.05175041462514441,0.021237611090861377,0
19,20,0.016294168718181012,-0.067764113988363128,-0.0039451268811989681,0.077933542592157831,0.013291561493437392,-0.11843511301263492,0.98980948739532038,0.041745178913634856,0.020715345672966994,0
20,21,0.12364216732610345,-0.041488837835763626,0.094991245401186086,0.056992817543212511,-0.0077510673650050014,-0.11947268712649886,0.99117002413004951,0.044033612362768551,0.02031954924433952,0
21,22,0.0073607255151664219,-0.11858345055323838,-0.01879792075190001,0.080524933933789913,0.016967830474590242,-0.13144572347277647,0.9879017408247962,0.043007238855018906,0.021228382218326264,0
22,23,0.55730746258498076,-0.19605378528837836,0.33391248635382587,0.072184949507078058,-0.013407020799319788,-0.12586068535183373,0.98932738400426079,0.056965520974939982,0.020849213098042663,0
23,24,0.65060179541816243,-0.00039855885153539106,0.39188048989884061,0.0029271858583087493,-0.0054280992918289061,0.005157798147994724,0.99996768169741046,0.058987712694889192,0.015321588440935896,0
24,25,0.67020201828704495,0.017371489220128655,0.37742572502321758,-0.0082576501298765575,-0.00097269352303095693,0.01663383105870388,0.99982707542152172,0.059234128064833337,0.015743891524406962,0
25,26,0.65815734523186809,0.009875016778390755,0.36464089878800543,-0.0059022904737432123,0.0049372494230579891,0.012190759005157314,0.99989608056546375,0.058812090396005282,0.015576669706396316,0
26,27,0.65543732741826766,0.0031148095406297038,0.37429447004332816,-0.0050668332185296915,-0.0001503384457605546,0.0047714631896142966,0.99997576857567783,0.058869687042262579,0.015278461614924124,0
27,28,0.66095493201179245,-0.046606992765188426,0.37537240381682602,0.016342062688588392,-0.0065775404316516517,-0.032707616192054978,0.99930970414180686,0.059038416351428598,0.016486338094381055,0
28,29,0.67897418875742033,0.026753833129051774,0.37467933672950721,-0.0043253636422750852,0.00028688085322791447,0.013419270984499469,0.99990056110344427,0.059398877576388891,0.015564100826775111,0
29,30,0.56815151096635508,0.068731058681778201,0.27959657759511602,-0.074166956460192904,0.0097530605609302407,0.12731106474774936,0.98903793313093968,0.055923534941317445,0.020928143976705203,0
0,30,0.14781896043954484,-3.2545020595631087,0.1273106801357542,-0.49050936135843565,0.0013610992816493175,0.8605595343268454,-0.13724431393558117,0.150552004551126,0.035000000000000003,1
30,31,-0.015236465961759982,0.076787867606607829,0.0023808475010904662,-0.068945485918936622,0.00096522276130607987,0.1078362222851041,0.99177464047015262,0.041958027537695342,0.020133937410957776,0
31,32,-0.040112622151232458,0.09454078754447881,-0.01182377079559449,-0.077755242551331677,-0.014387463392033593,0.1373604563252166,0.98735972582998077,0.042584422629090075,0.021366661597807129,0
32,33,-0.026041582733568713,0.042936764624988299,0.011247299626167884,-0.064900014716844964,0.0007307914084635624,0.11779082737807947,0.99091511998720561,0.041286524275084752,0.020395900451745712,0
33,34,0.0025669137309871637,0.087346120070509681,-0.03981354947193938,-0.054302843009448064,0.015734164422908283,0.12488695538955889,0.99055887542565113,0.042400657782128266,0.020500841505148588,0
34,35,0.16103906814859492,0.11116323250571369,0.12222890005321285,-0.081995384352211653,-0.0079882932607963138,0.12023641894371574,0.98932105389267033,0.045767947519455329,0.020850950573777255,0
35,36,-0.017024516021212577,0.078412850766174991,-0.045137273071701456,-0.071574098761914326,0.010722011200942516,0.13652196576306172,0.98798984798752665,0.042301600357819574,0.021205615503729871,0
36,37,-0.033912018013519507,0.060911253778244134,0.0055099726019942619,-0.083080208701861655,-0.0060849192763207513,0.12416066696750347,0.98875921308356995,0.041748314474118871,0.021003175022980106,0
37,38,-0.018629283669866048,0.076887334163732168,-0.0019823332485373601,-0.079465551374389889,-0.0062659129333068027,0.13606971329288145,0.98748721389406835,0.04197842140511792,0.021334405986170313,0
38,39,0.390302467315506,0.099509509902981019,0.2175499332082933,-0.059244402305752994,-0.0020186097216630464,0.1187230559500194,0.99115632571058865,0.051444598398170095,0.020323679994509673,0
39,40,0.54679007894189247,0.16208729956959411,0.31330644693334575,-0.059310747326861007,-0.0033984831518180211,0.11121217661583305,0.99201942387040221,0.056267540779129807,0.020056865024254644,0
40,41,0.65637668277101535,-0.090280536563583258,0.35554453834054123,0.032470164020201288,0.0067564357921447507,-0.040928196093033699,0.99861149692383278,0.05879815223152729,0.017108136252645109,0
3,41,0.34840354247295208,-3.5894469013659522,0.18946368013401782,0.025201489963163074,0.0076623972611112633,-0.026137830336194948,0.99931125601444415,0.15142944510179196,0.035000000000000003,1
41,42,0.67271940439844746,-0.0044353250517432663,0.37725922624976893,0.00027429208669644666,-0.0034563405721480161,0.00090390166406541174,0.9999935806971374,0.059282368775533827,0.015143324077313423,0
42,43,0.68155511631203636,0.12300314394612855,0.38203900414493575,-0.038510296575357261,0.010414687617399781,0.048561614229278183,0.9980231765660339,0.059773734957636986,0.017515535780811747,0
43,44,0.66262691341224578,0.017733245385394003,0.37969192531984852,-0.008789299111667195,-0.0029210585443650312,0.020972149372574769,0.99973715775137639,0.059097690510295217,0.015917132511729038,0
44,45,0.65924949639284858,0.02417648022933383,0.36738942286331344,-0.0069702967678746761,0.0017236208066415395,0.014650835977795046,0.99986688969054005,0.058877390390397293,0.015652657981178975,0
45,46,0.35905667401829788,-0.071916753604307715,0.22704663570500827,0.065937747809138053,-0.0076766951362595886,-0.11515911528931817,0.99112646011062833,0.050771602985136069,0.020332674921000063,0
46,47,0.32646363188703464,-0.1176051728951153,0.18101882831082605,0.060151336452746604,-0.0029253205618389217,-0.11560735706921356,0.99146769902706888,0.049784467788272502,0.020228984456859823,0
47,48,0.13471189582286147,-0.082810585803668624,0.071259172476761723,0.065563272802915074,0.0080098775677636628,-0.12005776984918677,0.99056722690565513,0.044336095425279602,0.020498404145156562,0
48,49,0.029039543803894396,-0.078816168994046754,-0.016995414103161188,0.068944015274785372,0.013536231377428916,-0.10365271547197502,0.99212882619807619,0.042142447155091342,0.020022038288003519,0
49,50,0.080017294731002941,-0.059985937888545227,0.083486073329471111,0.061715705376680148,-0.01543317269631553,-0.11131336966644231,0.99174710618377226,0.043256820213069265,0.020142534962325175,0
50,51,0.19829710572221604,-0.084644791116830653,0.098053977729647634,0.072300188016175243,-0.0016630403620957587,-0.13144290681446802,0.98868229444940647,0.045921415864767154,0.021023718088070607,0
51,52,0.6699413830388794,-0.063567138317128347,0.36381324512360358,0.014907056206893697,0.0018115587016953466,-0.0078661630381224364,0.99985630037989592,0.059124956129185675,0.015678122258789017,0
21,52,0.6535878094391333,1.7268645981418793,0.33557741139434466,-0.24224143038066262,0.0063617065375518979,0.43723996725115161,0.86608303824475896,0.13743634982753655,0.035000000000000003,1
52,53,0.64794377091144018,-0.1235287774562206,0.3581713555932815,0.035977032886180989,0.0030211834581678845,-0.077237148065279204,0.99635884525303475,0.058764614455976277,0.018414494545548048,0
53,54,0.56315874471224703,-0.076029673098743977,0.32855159967293135,0.065147092561608291,-0.013396745367115263,-0.10908836980188914,0.99180447222136692,0.056410256636190557,0.020124606288680288,0
54,55,-0.0048064093664983432,-0.06566757274551982,0.00010519846059597882,0.075698797016671815,0.014468463581875375,-0.1348149099491438,0.9878690681194614,0.041646082992288551,0.02123680382693199,0
55,56,-0.017553503386015024,-0.072273182280179427,0.018484997249134993,0.062884548264341908,-0.011651171122474192,-0.12393549157817849,0.99022713441328181,0.041915925605504986,0.020596806332767649,0
56,57,-0.00088302612867252606,-0.095184612713774541,-0.01124468015482849,0.079196005947193115,-0.00010255227464986206,-0.12837490394241358,0.98855847887862414,0.042396264418892403,0.021056640918076578,0
57,58,0.39960821754169018,-0.14392176200196438,0.23447415334675381,0.063518888034433063,0.00010921744123849683,-0.11320247276937445,0.99153947934175513,0.052128951152415087,0.02020691162693718,0
58,59,0.72608832578688798,0.024313596540220139,0.38773910274069712,-0.018693365461128191,0.0087198810412253622,0.011729265477524396,0.99971843340698752,0.060587268814957088,0.015949239370941996,0
59,60,0.65729623041781338,-0.04946299068798421,0.40339825472719815,0.021552215003142309,-0.0037801722982825771,-0.017739137931638664,0.99960318892613387,0.059319922908202434,0.016126889268476594,0
60,61,0.66952589264185214,0.0083704219052362916,0.38062152039859831,-0.0039035488409069116,-0.0041280650994860273,0.010984985258440157,0.99992352281754682,0.059254994914814979,0.015494702034817344,0
61,62,0.43200882357913439,0.041795979199539701,0.2501492279333184,-0.068488117025645862,-0.00025817005782603997,0.11298950187055699,0.99123291089508625,0.052523806424244375,0.020300544710796134,0
62,63,-0.025941382376745814,0.075657626691733704,-0.0027269945062661782,-0.072713816629317668,-0.0022094310563952504,0.12640753546242889,0.98930731032572472,0.042000698049319204,0.020854721116814804,0
27,63,-0.1497246656858266,3.3950889607100083,-0.14402974140912383,-0.14372482394942951,-0.003866511778794453,0.23277317511621412,0.96184451654811987,0.14592178876610376,0.035000000000000003,1
63,64,-0.014875643611906852,0.054578489616069703,-0.019855869800785464,-0.077529004834025403,0.013505190727378377,0.10753152014220362,0.9910821537131872,0.041498822843764743,0.020345991413984865,0
64,65,-0.011333869794754037,0.081742625520679901,-0.023008714983487,-0.068031569598860989,-0.0069830912720383019,0.1502903639781609,0.98627366814161366,0.042141803328495916,0.021635142643021778,0
65,66,-0.025312029957177629,0.070632244420062662,-0.0062583367763169306,-0.073988834492121569,-0.0092665791185878883,0.11621202470582997,0.99042139930218998,0.041882282456151033,0.020540810475376713,0
66,67,0.087964618909017744,0.09221009486684828,0.053488195344320477,-0.082800586903447937,-0.0056666277371375607,0.14077408125038801,0.98655694725983378,0.043455201044833906,0.021566163070480066,0
67,68,0.10474798143732755,0.08010942356987627,0.060387507284619169,-0.064359172283090849,0.0023891812780529919,0.13284120314892994,0.9890426702128684,0.043625974903038364,0.020926860612865448,0
68,69,0.074554730126950908,0.060848600930369035,0.045319370600254594,-0.06347278407607683,-0.0014935102952317438,0.12804924292799286,0.98973348255689397,0.042659276848492959,0.020736656194736278,0
69,70,0.0023969771635012904,0.062600384412474508,-0.0042389623805654253,-0.072975018934547303,0.012446809394821786,0.10693053815689359,0.99150672390905581,0.041569737722952423,0.020216995616131338,0
70,71,0.081392069564215852,0.099665987361206909,0.08240745266511551,-0.0849207937596278,-0.0065695700013980963,0.16635406822776361,0.98238058995549382,0.043820092135618563,0.022519871304302698,0
71,72,0.67927645354359534,0.067544243237121826,0.33863181650984364,-0.032243922574755605,0.0051740379786461921,0.036506056608954771,0.99879971296494297,0.059050102235388334,0.016960022225808322,0
72,73,0.67546006086732158,0.012431741058849255,0.38468027438176922,-0.0054739859913529214,-0.0027692215397494523,0.014501117009235755,0.99987603456374274,0.059435466220145602,0.01562983933844812,0
73,74,0.67446290218656646,0.010113345430270648,0.37914295646581397,6.1643032278549116e-05,-0.004107852738879994,0.017045229581034379,0.99984627913221835,0.059344764595675434,0.015701369645864709,0
49,74,1.6018866607102973,-2.230246639739796,0.99794389543217443,-0.23272164536712761,-0.01155721132484433,0.40607590195077653,0.88363421645999718,0.14746432933092676,0.035000000000000003,1
74,75,0.5295517921610049,-0.076321324317629724,0.31182387204393258,0.061959767407879118,7.7574856609069606e-05,-0.11215030057599833,0.99175767770439593,0.055481524721078826,0.020139235708004109,0
75,76,0.0071452706241510455,-0.090116610232342076,0.0030001712832401495,0.076938502296449829,0.0094151413473022357,-0.13788512473008724,0.98741050954299547,0.042261230218236995,0.021353832324922373,0
76,77,0.0026609786615665598,-0.087197861820822897,-0.0023454758802667897,0.078558687275799635,-0.007041421146172175,-0.14016523668675901,0.98698158922357315,0.042181749465833779,0.021461394462930147,0
77,78,0.23557481144843173,-0.11837733946922269,0.1253009617052161,0.061717469226744412,-0.0041126635941039075,-0.11087413245962185,0.99190774104335622,0.047297645908657281,0.020092173344794125,0
78,79,0.0043754122061319123,-0.084828501730391359,-0.0050210208501537679,0.082139510599751511,0.011815859700137826,-0.1383379147395242,0.98690227864946189,0.042127238466324102,0.021481089625273276,0
79,80,0.65957931921407731,-0.014024208160392959,0.40102835997244668,0.026366370822070731,-0.011955856679974829,-0.043570802248323409,0.9986307912197373,0.059301316377575491,0.017093434574927829,0
80,81,0.67494899425887667,0.0019568938406537839,0.37225932692406349,-0.0017564153912360502,0.0023027772438738506,0.0075777183866144581,0.99996709466161526,0.059270070393724075,0.015324496009696764,0
81,82,0.67192940657916456,-0.01356364824116163,0.3724834112586306,0.0027668356048305052,-0.004494067898992894,-0.00095595060330667676,0.99998561696301369,0.059209649132049243,0.015214536310885209,0
82,83,0.6716140532585726,0.01565017481597053,0.36457048219240917,-0.0050114782550205218,0.0022389822298029159,0.0086320049525905485,0.99994767889863745,0.059108604099203994,0.015409180870006523,0
83,84,0.65450140107533805,-0.0096357165192495486,0.37560557853540466,0.0011254286775752582,-0.00077731647128745612,-0.0079133094908787269,0.99996775384124104,0.058867042721193349,0.015321229299101879,0
84,85,0.67540468429983136,-0.066042392359874746,0.37638350862873793,0.040291454949029117,0.0050459353218659294,-0.068878662910303604,0.99679830807967706,0.059400348430029067,0.018201700474361177,0
85,86,0.65078339559047826,0.083327909451127447,0.37237452845352337,-0.021749233170130392,-0.0038339601746833129,0.042064083726145632,0.99887080469206324,0.058860099381875489,0.01690108001777996,0
86,87,0.66747770492144198,-0.012343869355520454,0.36946947798700602,0.011332002645255043,-0.00010503029710497515,-0.019645151265848228,0.99974278827927865,0.059075287560772391,0.015907255638133829,0
87,88,0.67251228407800134,0.016684553057443097,0.37104617383549865,-0.0095604985344300408,-0.0024416753809686775,0.012253101265272166,0.99987624064105551,0.059206548519718807,0.015629315594616184,0
88,89,0.66311133553112001,0.0338080626889532,0.35736870187272896,-0.021383098679356113,0.01429176408033655,0.012060610850838753,0.99959644368927481,0.058850928649055417,0.016136427323284162,0
89,90,0.65599926371674755,0.0012870143925702848,0.38988076033830588,0.0031047233287437494,-0.0096169626792515384,-0.0016565093810317669,0.99994756397450579,0.059077861805063109,0.015409630013575081,0
90,91,0.65991735785720707,0.015187851398740904,0.35761070707926912,-0.0044080393167747816,0.0019893973440421788,0.014396832389093081,0.99988466470125925,0.058768441062210693,0.015607519588747443,0
91,92,0.66880008436336524,-0.0077690923604372131,0.36225103987199425,-0.011349043549384088,0.0053474331259540661,0.0090069507032396138,0.99988073239187236,0.059016107112276076,0.015617789553804289,0
92,93,0.66277958647001611,-0.072353487655353987,0.38706128147397578,0.02455379901564048,-0.00084180925912732214,-0.02088341259677132,0.99948000749859123,0.059273171817216794,0.016290007842488786,0
93,94,0.51045863979963002,0.088511484176553523,0.29852778201155594,-0.081222683533880846,-0.0058490243469513127,0.14591375599242762,0.98594007952102558,0.054948267926627062,0.02171547263258921,0
94,95,-0.019632320077008103,0.097152973598596759,-0.038667265527760009,-0.090535280537440962,0.013294183170136583,0.16174242792695093,0.98258130181687309,0.042659803293249574,0.02247679137688274,0
95,96,0.033171325287883136,0.052447094446854692,0.043108846386004984,-0.065990989962614183,-0.0067489258218438597,0.1134347506512514,0.99132850185430155,0.04188901548001929,0.020271526439076832,0
96,97,0.56316087845784857,0.14215569414359308,0.29531962956171043,-0.075668187488349747,0.0047855034806126755,0.12988013594064876,0.98862661032702515,0.05628979933899065,0.021038546659090229,0
97,98,0.67380427920418029,0.10615977036209578,0.37342869613508967,-0.037133125162704166,0.0026171712834650229,0.06853105396220481,0.99695424973915092,0.059441114529109933,0.018122715544870594,0
98,99,0.66731732126842225,0.018277746995234878,0.36750664286829604,-0.0098352159817781531,0.0042706529282891814,0.017950881182343295,0.99978137405881662,0.05905104353855075,0.015836437986444782,0
99,100,0.32918516798720887,-0.12047661527424935,0.18591685189803808,0.081761816968378337,0.013536718878676666,-0.13647328725475816,0.9871711120134693,0.049919758233898125,0.021414087564271048,0
100,101,0.4301487316245538,-0.084841806067819547,0.28282175939812149,0.063353030225058407,-0.020385817135414121,-0.10889672643549576,0.99182272357143397,0.053043537934646771,0.020118889078335277,0
101,102,0.24668311038943713,-0.10690167213620327,0.13277545455803974,0.07939550994437021,0.00083584462153278366,-0.12541610674557543,0.98892186472603816,0.047496242633397148,0.02095950336059136,0
102,103,0.66720440005595094,-0.11962754490119032,0.39435605789845951,0.026389424624298233,0.000567598345501926,-0.053779352492081559,0.99820391571344236,0.059605311164234315,0.017397747074131654,0
103,104,0.16779745943540192,-0.076163385442336917,0.10664230961398857,0.056697959726011549,-0.0089207127788258414,-0.12725602313813997,0.99020789070855753,0.045322677361700779,0.020602322962134201,0
104,105,0.25760924692034948,0.053775837647952685,0.16586814053490606,-0.071466612988248204,0.008923827877866615,0.15573641263348684,0.98516955814927942,0.047776832776672162,0.021897476527983871,0
105,106,0.65942032765635616,0.05963595032536162,0.37447249486022471,0.034728455894123919,-0.00055307063081468284,-0.064808726154261448,0.99729306499060211,0.059016789695300609,0.01794382452805765,0
106,107,0.1761550775600611,-0.09345444367573208,0.12217698152134737,0.057649931444818475,0.0022913786269789013,-0.1133466232689436,0.99187891296363573,0.045846556636527577,0.020101247819846797,0
107,108,0.14856768384694874,0.0323326168769551,0.068768966759595429,-0.066016577766054838,-0.011517056121798392,0.12310608402283114,0.99012830529932305,0.044171849528906605,0.020625080783328059,0
108,109,0.67760642380389768,0.069661113566871435,0.36518425689852663,-0.01342116046775524,0.0088374297938888912,0.034712514348263404,0.99926813900672251,0.059322310256058497,0.016530438139398678,0
109,110,0.41222747531843851,-0.09706865255501107,0.23011653561118273,0.074540969027717008,0.0045819262976484355,-0.13766242226538056,0.98765971234218108,0.052049570393741015,0.021290501273768424,0
110,111,0.66608499826179113,-0.041072467551591885,0.37781499807140939,0.0081702652118760127,-0.0018459776126638627,-0.012608722526341168,0.99988542306069994,0.059171925197862338,0.015605518957182584,0
111,112,0.66738612901306027,-0.034414778446720362,0.38140145156170924,0.010957004119389139,-0.0046263301336524482,-0.0093633923382093736,0.99988542744363607,0.059236288776488843,0.015605507375327515,0
112,113,0.65651130586392981,-0.045037056887593963,0.36433086164445427,0.013800017510970144,-0.0037553430859911061,-0.018731471701247043,0.99972225587055386,0.05880446103931939,0.015942773758422353,0
113,114,0.42816955848032023,0.089111735964571892,0.24780330448539978,-0.081808746707902932,0.00017690445144242004,0.14643712251125132,0.98583135820358347,0.052566735604606507,0.021741448436129962,0
114,115,-0.022474592256934045,0.080881305738351728,-0.010987665807258296,-0.094301943785492462,0.0090586058635423652,0.18028520392313171,0.97904153655730131,0.042116545197212335,0.023203820556577163,0
115,116,-0.012177075164238715,0.095395415508816583,-0.028395694985832165,-0.083107436094412665,-0.0052765136275838391,0.14475440030445785,0.98595713703094001,0.042506850857323752,0.021711388197767176,0
116,117,-0.03573908842971818,0.097573431430266311,-0.014418835803684971,-0.094964885746226649,0.012262979439223335,0.14733630515678353,0.98444060409616718,0.042622708498479878,0.022065389058165321,0
117,118,0.66793638732621474,0.04799252218669281,0.39052599926626019,-0.002861050246392141,0.00015093951824432948,0.020098118617811581,0.99979390738130325,0.059380287275398333,0.015812107772382587,0
118,119,0.66549707871284269,-0.0019693950840249386,0.3710565206323917,-0.0032325054320630447,-0.0040782170580316102,0.017728138815474481,0.99982930150521121,0.05904883824863312,0.015739087764941016,0
119,120,0.66933829288660895,-0.030768715091991083,0.37276759546701843,0.0045703120320854888,-0.0014946641177289988,-0.015409080304151323,0.9998697107479978,0.059168922511174088,0.015645704777904893,0
120,121,0.67912500112609919,0.0040535121688343168,0.36814276681909597,-0.011079967046503048,0.0035318889545957639,0.0076027863361231357,0.99990347420667958,0.059312500726159317,0.015555776490994105,0
121,122,0.65983029718902131,-0.027928198684470829,0.3558419060976048,-0.002104985320519775,0.014535816870672796,-0.001492897090638472,0.99989101922308476,0.058754657213367832,0.015590546205314299,0
122,123,0.65970201818194596,-0.1473609040291457,0.38405879542013999,0.023322276317261921,-0.0048812223471833786,-0.035484216104584083,0.99908614018172726,0.059436163895705933,0.01671020377000081,0
123,124,0.66311359529127856,0.05753822895064431,0.36946666603051348,-0.010731426405433531,0.00021678249223370963,0.020204457884575956,0.99973825043070452,0.059031813913789942,0.015915224106148734,0
124,125,0.40463813268619475,-0.094343534613866353,0.25102885381798679,0.067022966911383666,-0.0067440935569926305,-0.116750818332732,0.99087420267515669,0.052135902479739107,0.020408056577042602,0
125,126,0.19327419680794478,-0.08717472393904302,0.10041125714100119,0.079445112123021092,0.0094149668444777866,-0.1312099440597381,0.98812134029122078,0.045864979124336291,0.021171483213854984,0
126,127,0.66030033487257001,-0.04391323397979896,0.38644376242926981,0.010993992969374772,-0.010958189074215037,-0.013945962293129536,0.99978225646713792,0.05915828289983021,0.015834748221416891,0
127,128,0.67518091112744472,-0.12531837776890242,0.39570290920307372,0.042071820326091094,0.0061249703545281746,-0.080396521198449825,0.9958558359781764,0.05981405358119099,0.018642868996160179,0
128,129,0.44069614187285922,-0.072413282003841672,0.24100716814524503,0.073661100611666003,-0.0080426772370875473,-0.13117258016763336,0.98858642101320815,0.052687129993855525,0.021049226580136027,0
129,130,0.25650556171797234,0.080326722165791509,0.15253160803025168,-0.074789159284620044,-0.006291132525992095,0.14041631760443726,0.98724376982356798,0.047726309635526487,0.021395859421842463,0
130,131,-0.0056850128705967506,0.067608861900220418,-0.035257009105762904,-0.087097659516596565,0.019218898492293881,0.13479377964191236,0.98685118868921751,0.041911533133028596,0.021493745417240764,0
131,132,-0.024024941005819755,0.065869751299416635,-0.022502287934074161,-0.07824591931757853,-0.0038996961140587896,0.14477759241891894,0.98635785454050406,0.041840919418532505,0.021614717365261601,0
132,133,-0.050150555042804967,0.095848692299277616,0.0096608361897061457,-0.075460884620493829,-0.017040479299851259,0.13012495356640447,0.9884749735915751,0.04271516363945934,0.021078745239952359,0
133,134,0.66838977949272405,0.08268062645299068,0.34513209451369065,-0.019683576276719784,0.0084435739163216915,0.051601852976641042,0.99843803596109826,0.058919189101022514,0.017235975549274314,0
134,135,0.66890990576582254,-0.13109675358369444,0.35464467382626541,0.025755127640536789,0.004786846739786999,-0.063770136770009367,0.99762073412436847,0.059209367270702265,0.017759831855199474,0
135,136,0.67540320415947797,0.0052743900178349179,0.37962694558645715,-0.00020162091733011672,0.00069173652941300311,0.013379172349455142,0.99991023526955813,0.059369982014612403,0.015535958426522441,0
136,137,0.67513974321638592,-0.067262168056970495,0.38109520890833437,0.048367948810042062,0.00015099889795119464,-0.0803007749473197,0.99559645653753814,0.059454617549165846,0.018755222125537496,0
137,138,0.28037760331096351,-0.12028407452729795,0.16281439992512503,0.084515405096650842,-0.002216295824631846,-0.12611039718107556,0.98840700222984978,0.048645388505088538,0.021096678932378633,0
138,139,0.31250788280469521,-0.085581151279498613,0.1941598633763526,0.056478330675033224,-0.00206944376745789,-0.12735180088595632,0.99024614837814895,0.04944336284169077,0.020591350252505608,0
139,140,0.36229825876071331,-0.11678503672497698,0.1956428005855706,0.083889014450223634,0.003512220873641959,-0.13213164384996245,0.98766974553876641,0.050699733598461236,0.02128793824543207,0
140,141,0.65464101270017494,0.021553357200147616,0.38055344850873496,-0.0042916481505486824,-0.0051772187633853869,0.013689328345780735,0.99988368346096612,0.058938062366032828,0.015610098468188272,0
141,142,0.46499212561025516,-0.13768340928722367,0.27459028046394707,0.057889676548157479,-0.001168403388235555,-0.1242515502216047,0.9905599287525213,0.053932296566740298,0.02050053415329749,0
142,143,0.27109899600807452,-0.11677557341036326,0.15239486359330812,0.069770480275061761,0.0046083428434886596,-0.10396445473627368,0.99212007106489553,0.048304945613591041,0.020024834203543198,0
143,144,0.63385073421954985,0.080411095390832799,0.35703536226213828,-0.067700736883067755,0.0014546169487692202,0.10681774741573205,0.99196999105419059,0.058298001042434128,0.020072523272244559,0
144,145,0.090470735179710715,0.1039241933310695,0.056944936140666869,-0.080825360270798119,0.0030132806548930102,0.1328886304319469,0.98782528474356845,0.043727257506828536,0.02124807163182086,0
145,146,0.12138249277563062,0.089638822963088671,0.066957623836543689,-0.080729610001119209,-0.0059044572555843793,0.128241232682372,0.98843414231484839,0.044127056421081952,0.021089524526131172,0
146,147,-0.019802589564648088,0.061977263804219973,-0.0034051105718049257,-0.070189765477069579,-0.0093417225970301564,0.12892468852465458,0.98912312364539079,0.041628825988275373,0.020905021994612617,0
147,148,0.089530033404297882,0.041931628937469156,0.029719985514123692,-0.056175662904189468,0.009282023070021345,0.11296089774955416,0.99196672047232382,0.042580838759696642,0.020073557560442577,0
148,149,0.67007670074058368,-0.055761823582844983,0.38733645456969157,0.025186500311066194,-0.001113809393866821,-0.035796150472100947,0.99904105783600983,0.059399447396821785,0.016751886265598776,0
149,150,0.67113612812227075,0.018191938266404861,0.38242580951277461,-0.0014274307330324712,-0.0031211363353834407,0.010182989522794981,0.99994226217010007,0.059316510892083077,0.01542984047466216,0
150,151,0.20760689881590011,-0.10592968147293647,0.12072424603614529,0.075268887820453587,-0.00011188454261756854,-0.14156607936588916,0.98706313231783305,0.046562015002740625,0.021441082659427717,0
151,152,0.41225229161529242,0.065336767368062709,0.22532593418588576,-0.06732101375491982,0.0030862687030876312,0.11057752417583201,0.99158003570041964,0.0518583467895221,0.02019439909710069,0
152,153,0.34095256005455354,0.1658344790631574,0.19532095182329101,-0.063159517670803397,-0.0012572800718959986,0.10776544404487189,0.9921672760397936,0.050662433964480717,0.02000974111352612,0
153,154,0.15141214690814309,0.045328319191291655,0.088665866127540127,-0.072020515373318064,0.002188718900598421,0.12668521632444471,0.98932255146628723,0.044530585680143051,0.020850539569179847,0
154,155,0.6477369777422588,0.23479509770011475,0.36348143305920289,-0.058978146934373872,-0.0065195950349952493,0.10107176058572102,0.99310803655839464,0.059474513511533697,0.019698900143663892,0
155,156,0.67721221005475751,0.010318463781047171,0.37281546848775804,-0.0046897133910350237,0.0020126096467812282,0.01423234413058491,0.9998856916524349,0.05932799494395688,0.015604808797196555,0
156,157,0.37888197484387121,-0.095851464359014926,0.23761046749802173,0.072032767326870611,0.0074871866339977413,-0.1324874373809258,0.98853543254846254,0.05143453618282099,0.021062749401928114,0
157,158,0.36860425685440923,-0.092359879655248278,0.20252660871731187,0.06958085954918683,-0.013385602707637429,-0.11349345499185202,0.99100886237135244,0.050765003273909697,0.020367947377585242,0
158,159,0.66819752164140667,0.028923862133279243,0.34969271908178712,0.0050398281561519201,0.017162191062737354,-0.027456516563508244,0.99946295530563833,0.058868119863728419,0.016310990795693248,0
159,160,0.66069996546109522,0.019369411900036937,0.36313748502435494,0.00085057894297916128,-0.0043656130224209678,0.01658834441338115,0.99985251150758392,0.058854184739525653,0.015687004205016664,0
160,161,0.52853072891677044,0.080349474210098748,0.29642443627236226,-0.061148530795852529,-0.0062255812083921785,0.11304998524843637,0.99168634161989688,0.05528210178269255,0.02016145823516197,0
161,162,-0.03627541724135952,0.082405929281726742,-0.0090245975418206115,-0.081464468628945463,-0.0028821173294024745,0.1264903050336576,0.98861288504813427,0.042262201145678073,0.021042196125489871,0
162,163,-0.028816450266173632,0.07609302637211357,-0.02487475398152128,-0.072596144466055931,0.015831807520842817,0.14777449289652958,0.98622606583301176,0.042127100411071851,0.021646664375270054,0
163,164,-0.019082524140703327,0.065644212425844728,-0.017215192016049485,-0.071041654178093758,-0.0057920284304461452,0.11429877488901684,0.99088613162016292,0.041762396838956009,0.020404515412952986,0
164,165,0.64217023614179602,0.16133239309264269,0.36881101514017711,-0.039452736133275788,-0.0002866376187417827,0.064164862836693454,0.99715909955614512,0.058947828340870249,0.018015823115786481,0
165,166,0.67663582511230658,0.0049068799501270632,0.38537075326953918,-0.00019335236198561302,0.0019395822625650229,0.013414768791109064,0.99990811808575286,0.059467452561451591,0.015542242222861425,0
166,167,0.68320895851646313,0.019463648324972382,0.38367297212861118,-0.0049934949598546908,0.00090033395878657641,0.0076170708601592755,0.99995811644206378,0.059595252360987699,0.015366098785844967,0
167,168,0.69691168039153695,0.026040221077472836,0.3761847798669784,-0.017654192767853797,0.010086434900635072,0.0047624860099395264,0.99978193224108414,0.059809703619430533,0.015835369494234464,0
168,169,0.67830727858456541,0.051898328148951123,0.41581102097477185,-0.0055547987231311475,-0.010318825861643977,0.034135443148663597,0.99934850656066276,0.059932589611762968,0.016443954782944848,0
169,170,0.049905520673000581,0.065860935517221719,0.040686810369177095,-0.065303217284458731,-0.0039570801903719335,0.1119054287095276,0.99156291094110738,0.042302666980761697,0.020199686114528832,0
170,171,-0.018535453357056753,0.10286061115282763,-0.035281400102180172,-0.094235034694465022,0.0063011833115336063,0.15927373229105055,0.98270643201674746,0.042757789598466378,0.022449809386090723,0
171,172,0.066200660876340578,0.065676549008919949,0.064149536589454215,-0.063341189448791302,-0.013580690648680655,0.11611449542688135,0.99112102314120953,0.042829653206979068,0.020334310806087948,0
172,173,0.015254744044483459,0.044111649617725845,0.0080447627451150083,-0.054348944268230337,0.024841140916320916,0.13090203730808173,0.98959272764279049,0.04118407745087814,0.020775915376290994,0
173,174,-0.02462599638456453,0.069289771371032316,-0.015591057046492551,-0.079615312758429688,-0.011182213832004411,0.10062510849535143,0.99167078590048807,0.041879260688144661,0.020166291508647734,0
174,175,0.64966976353519001,0.12003587349808953,0.37045254467745181,-0.030457532374430142,-0.0038387953551670302,0.056566107189049197,0.997926789844505,0.058935985920270939,0.017576153360982488,0
175,176,0.50073815914212005,0.18644347549466644,0.26858311815404967,-0.058836357908496048,0.0066648042751086658,0.11103794358266461,0.99205062293058965,0.054950684870034419,0.020046957595135962,0
176,177,0.65975259886074866,-0.097997624792846239,0.39426518078557216,0.033942043883795625,-0.0049583019376645103,-0.047992366986201497,0.99825852643989332,0.059370113237737401,0.017361002668355736,0
177,178,0.68373158546806323,0.0010438448002574319,0.38185702278555311,-0.0047013588674201254,-0.0019629217634064677,0.0019954858895401299,0.99998503098747193,0.059578444084459399,0.015218862878522449,0
178,179,0.66014976901427858,0.0063243106649153447,0.37084574880655019,-0.00058025541735987638,0.0014494618925554206,0.0049138271533053206,0.99998670824495473,0.058930205424183903,0.015206237024730743,0
141,179,-0.04826535926070169,5.3644642051539364,-0.16391110731336622,-0.42618967920134254,0.016201325731737534,0.76915374464769415,-0.47592267384651971,0.15827604125027381,0.035000000000000003,1
179,180,0.51425562705554384,-0.095036934747721347,0.29086289912183361,0.084847778879423699,0.011734651778984993,-0.15447571349750219,0.9842765903475974,0.054960199175856823,0.022102627697349816,0
180,181,-0.018207285566099074,-0.10085584595819341,-0.0043277935631920172,0.10054343653647685,-0.011432716876034105,-0.165092237011739,0.98107332225105781,0.042564436671663236,0.022794702634330373,0
181,182,-0.0036868032111243565,-0.1232037113808957,-0.0084817525783087433,0.082438256406110216,0.005786133953329364,-0.15590303987523865,0.98430924850488644,0.043088758563600456,0.02209522821908325,0
182,183,0.24213177446060286,-0.14480275043721491,0.15020230716445937,0.072604778443692161,-0.0082721623854443722,-0.13078016215282243,0.98871465381266244,0.047990477372126666,0.021015084187211028,0
183,184,0.66907418485955716,0.0068429957656128693,0.37902776912319602,5.058390639752408e-05,0.0025230928722948351,0.012696319171957146,0.99991621395150398,0.059225132333794159,0.015517802181653495,0
184,185,0.69344507903053909,0.015782711139305405,0.38666785473968801,-0.01493088630793655,0.0048966717114718155,0.030456201661250914,0.99941258298091229,0.059853009870854124,0.016371101207515136,0
185,186,0.65561500229046388,-0.002682753345688127,0.36772972868340403,0.0035580875899534196,-0.0017462555109101759,-0.0068989826573355086,0.99996834682038138,0.058792674466254941,0.015318262013352704,0
186,187,0.66437760281855773,-0.10362860586333511,0.3752146151822533,0.030394535418690829,0.0023985973471850539,-0.064098644368087626,0.99747771039638855,0.059250365167420826,0.017841605541388854,0
187,188,0.60854365955228573,0.13176344035212395,0.34092537258019462,-0.068734730066304761,-0.00030275841161436941,0.11831829101849685,0.99059387603120119,0.057746779627999775,0.020490619470884763,0
188,189,0.22550016077246227,0.098066028848997178,0.12220642508482626,-0.063850576117938262,0.0071621129642761294,0.12038785326243868,0.99064553340443418,0.046864841533797046,0.020475498129579637,0
189,190,0.69534200200543594,0.076096302017589323,0.3607679339448211,-0.0211241967321311,0.0015203725731497589,0.029971020032744062,0.99932637048056416,0.059676201505506829,0.016468283528455505,0
190,191,0.34281390856063254,0.12807419184966307,0.21872393566908244,-0.079947599759008628,-0.0077928920465268952,0.12631767913465006,0.98873226713016715,0.050658463026954655,0.02101037955078917,0
191,192,-0.034857173038730593,0.07462452384895002,-0.019246385034660918,-0.08688928484614071,0.0048120074430635321,0.16883521561052311,0.98179517554989149,0.042114572268928896,0.022644151776156793,0
192,193,0.64911758074089931,0.11765661977369035,0.37814963158870896,-0.029461060407746952,-0.0069214814458731207,0.051823736226350413,0.99819759535764618,0.059009764886666885,0.017401963427860791,0
193,194,0.69806666244532423,0.016525455258975086,0.38613160081826337,-0.0087606167488046872,0.00075041560791775199,0.018366515704627523,0.99979265829044162,0.059947865942243439,0.015814565160172343,0
194,195,0.66630354110514034,-0.0083432810779520139,0.37549882518734101,0.0066241241160160148,0.001148503161408819,-0.022318936302648744,0.99972829658987961,0.059121803441122334,0.015932464630625757,0
195,196,0.66165402844773169,0.03433828159593233,0.37021028327254335,-0.0073329628681625646,0.00025924499501701328,0.031337277308981726,0.99948193355281145,0.058974008946200758,0.016287616322369296,0
196,197,0.68611394880122845,0.012124993859618627,0.37895617694910833,-0.0098012057076173487,-0.0011611381286673742,0.01466752718516027,0.99984371367288993,0.059597626614331302,0.01570719818593095,0
197,198,0.38525982746209664,0.13813652484394723,0.21851364211887869,-0.064131118374786467,0.0010394024428050451,0.1078718219531101,0.99209363939452699,0.051598896659384899,0.020033265675570136,0
198,199,0.69506004935254495,0.008226149112157799,0.38351477590197813,-0.0043851546691500943,0.0011491291720402775,0.0048034820892164801,0.99997818800236449,0.059847224696892798,0.01526419433410953,0
199,200,0.68294284609576295,0.0079607058441517609,0.37957111122440335,-0.002839073545111355,-0.0032711587633357003,0.00838585300226047,0.99995545733356295,0.059534401263332953,0.015377541508672559,0
200,201,0.091663277838918589,-0.080163010584922034,0.057555838898896816,0.061564364335006297,-0.002563501073653782,-0.10999222155651796,0.9920206493331345,0.043367207611802482,0.020056476236301874,0
201,202,0.13149684627915192,-0.086351408362400406,0.066483373052582451,0.071789057007243556,0.0059873875771032335,-0.12565369012606314,0.98945522012960019,0.044269662252449091,0.020814014577901933,0
202,203,0.66089910412668829,0.0042420665791915724,0.36767201100299474,0.0041773048116922106,0.00040941089543348102,0.0039062763442719983,0.9999835616210655,0.058907477499644617,0.015229353344664642,0
203,204,0.65757197694182423,0.054613898871984645,0.37559012019350746,-0.026901165212940181,-0.0057409389749736956,0.043451673323713282,0.99867678505873014,0.058981101146866978,0.017057965488985676,0
204,205,0.68527936857953264,-0.048118643281902962,0.36185200731944356,0.011827746396614566,0.015723211713469427,-0.04732402678132383,0.99868579719438855,0.059411016395869848,0.01705094379161963,0
205,206,0.65366194411518563,0.027746265325856001,0.38368560543993624,-0.0098284026948170979,-0.005662161435681796,0.022609660998582238,0.99968002163586023,0.058961448326897849,0.016011921625352317,0
206,207,0.064743186490716198,-0.081261823166201452,0.029640817221752158,0.06971048704678752,0.00056753789017886249,-0.11837477480886198,0.99051882293341309,0.042701127327945683,0.020512515848627757,0
207,208,-0.025362549969287329,-0.11464534441243757,0.007692123144197538,0.084888267229359354,-0.0091708131188200197,-0.14631786269537711,0.98554602192378282,0.042941723845687313,0.021809154424266015,0
208,209,0.32045283211803621,-0.094354176695702563,0.17654995412384977,0.080994432509709391,0.0074959198911161784,-0.13473388525273211,0.98753759080458281,0.049445985078775782,0.021321615196169878,0
209,210,0.0030434737281481716,-0.096406259106746717,-0.010106721849538758,0.070400275224877393,0.0048340168476242087,-0.11547115766364435,0.99080111287644212,0.042424558639453151,0.02042970351338954,0
210,211,-0.00059630158357037999,-0.076254336353258623,0.0045961900408233447,0.071317729830818896,-0.0095456563591198775,-0.14215943395691796,0.98722507929726977,0.041909876362350752,0.021400553353929496,0
211,212,0.0033252882421912489,-0.078593453164668148,0.0018799709606280857,0.065649342502422867,0.011574462178869285,-0.11251960228229883,0.99141088089474938,0.041967155737520127,0.020246390862977717,0
212,213,0.0039092422420132777,-0.11907263253016964,0.016199101069021893,0.093840340514516674,-0.01204144219017414,-0.16793197768443338,0.98124810574751953,0.043005826099845094,0.022758514224348551,0
213,214,0.26340509492445019,-0.12842954712752075,0.15427272987857021,0.081455416254357565,0.0053536062777067087,-0.15162868549045244,0.9850609604481797,0.048279359417843157,0.021922747261110962,0
214,215,0.045945994365161891,-0.066650677687377424,0.045817598500586421,0.090977345060531636,0.0027375042049245959,-0.15628145406198335,0.9835099063419428,0.042325483762407176,0.022274198686909292,0
215,216,0.022017566163560431,-0.077454693606185288,-0.010710210865740422,0.066312646840052031,0.0041753074877078251,-0.1219753661513889,0.99030662409613535,0.042030811321581756,0.020573961396836517,0
216,217,0.11832012735488462,0.087811443395658273,0.061976644692652627,-0.064021058740310319,-0.004396035446896652,0.12086960868577053,0.99059200310030171,0.043996217478430723,0.020491166944948833,0
217,218,0.66095743420032349,-0.040195305468348153,0.38467946756598081,-0.0054889119000667503,-0.0051084695792685611,0.014573401799926267,0.9998656866523068,0.059145147641981234,0.015655600743087212,0
218,219,0.1955823828508727,-0.07389402480657381,0.10014799512355754,0.072117229602373503,0.0060415994847341087,-0.10972343756241881,0.99132404970303756,0.045795602660153645,0.020272881490850828,0
219,220,0.63507548709662487,0.15503116717329135,0.36976341702350624,-0.065153303901006918,-0.0033216100576078191,0.09375228949240727,0.99345584809408627,0.058776323549803153,0.019578664274104388,0
220,221,0.66112271417125967,-0.038116903259730606,0.35760108529533419,0.013660665661693818,0.00767354178495011,-0.013766240662360648,0.99978247313512159,0.058815131505514484,0.015834332790502753,0
221,222,0.65595295146549404,-0.089566923365470785,0.39793666999600319,0.042188761098842863,-0.0095540016693686034,-0.064938914494933581,0.99695123595553381,0.059310782312366278,0.018124260918958749,0
222,223,0.69070878744761188,0.0098101669208574549,0.37347990608740922,-0.0063994759981072322,0.0019979810184559753,0.01244153171153344,0.99990012654638183,0.059631959095493778,0.015565332089628164,0
197,223,0.66298838549617234,-0.65729646366395289,0.3952225691236087,-0.4881790975353244,0.0095060101733152463,0.87114817189678995,0.051881278907350448,0.15082617887517691,0.035000000000000003,1
223,224,0.67325973686362772,-0.00084589716994187825,0.38152515701551515,0.00027581928455563243,-0.00033909429445079205,0.0076856885159702739,0.99997036912641435,0.059346201730885978,0.015307927367635034,0
224,225,0.66905482312421682,0.012477240551351798,0.36836143613394867,-0.0042076977389450898,-0.0028688149275046056,-0.00015259836029447643,0.99998702086296598,0.059096468677287871,0.015203797272684479,0
225,226,0.675877137554032,-0.006859243534847792,0.38093865134999838,0.0022514292316116124,-0.0012991000296114694,0.0025866966246540254,0.9999932761804452,0.05939670091765701,0.015146684173268045,0
226,227,0.66277023685485048,0.080814312806566591,0.3599016948900271,-0.026601821858950707,0.0033271294988365852,0.039177598100264541,0.9988725589834655,0.058962538233312586,0.016899602429247509,0
227,228,0.6609491165948711,-0.016246245398651382,0.36438537272844762,-0.0092419057379276963,-0.001842383661581422,0.0097807140764506247,0.99990776096244471,0.058872837211776469,0.015543295000814314,0
228,229,0.66321891151898527,-0.05257719082239376,0.37655590581110943,0.013895539387157567,0.0047256748108930654,-0.019347955933718079,0.99970507580181289,0.059111809761774707,0.015971495665112002,0
229,230,0.6947041480891869,0.0014756969162981193,0.39018904534771082,-0.0018470767567529457,0.00044301848192066629,0.0086524143762920953,0.99996076311400361,0.059919580852817123,0.015354342851320152,0
230,231,0.67960625047673773,-0.0077556858811043128,0.38512131016034878,0.011452790219429862,-0.001307625696894016,-0.025431282874339954,0.9996101107744918,0.059529516601322989,0.016117016832451866,0
231,232,0.70254334592425494,-0.095079852682388832,0.38637139855451608,0.031733652248192815,0.009792942106774994,-0.044353959744127723,0.99846371984909921,0.060184929231197545,0.017217511160976789,0
232,233,0.68817387702700472,-0.010149971757481779,0.42275772172413539,0.0032049421519651463,0.0017890238281297948,0.006350850830698522,0.999973096854746,0.060192981426513616,0.015293411742831237,0
233,234,0.677986801894221,0.0051834738107388034,0.36986000282312048,-0.0066718608807996528,-0.0062574117113923947,0.0058018918150576481,0.99994133284029607,0.059308181452945974,0.015433285987226668,0
234,235,0.67063541282423245,-0.0089871225620044015,0.36939146347540941,-0.0019336952920482556,0.002546346482627158,-0.0003074982469878378,0.99999484118016135,0.059142274528422328,0.015128484386902397,0
235,236,0.65472275845731787,0.012431181497081667,0.37446334969744299,-0.0033144299216565764,5.0237097108817204e-05,0.005484545689351166,0.99997946568372598,0.058858672159347578,0.015256339690572359,0
236,237,0.68324248771175178,-0.045694600931657448,0.39185867407456954,0.021735196879680996,-0.0042578963308720959,-0.040356745918217363,0.99893983031728661,0.059724057550620865,0.016842048479116113,0
237,238,0.65304926571894839,0.014251638577690073,0.37524403000465867,-0.012355806466687732,0.00054833714267416196,0.014822828910140872,0.99981364119321581,0.058832892348102434,0.015772247826209951,0
238,239,0.66940808693841802,0.014166917368083176,0.36029505137384277,-0.0016797675822477897,0.0058355823141999635,0.017092488035142728,0.9998354720716266,0.059008557488187174,0.015725605821684689,0
239,240,0.65697582590568615,0.025475464185557684,0.3762858272762486,-0.0084228524425867344,-0.0036019361139605663,0.010433936657402802,0.99990360264317024,0.058938341712464211,0.015555406605971277,0
240,241,0.64750549757647136,-0.066826638207945877,0.36402206808507742,0.064159010095281979,0.001092246402858553,-0.11392379293835134,0.99141504821337489,0.058645395460724115,0.020245116144125618,0
241,242,0.050877211019049184,-0.084066719233682363,0.043845187862281421,0.068299694777823675,0.0078367748410771831,-0.12140815426548555,0.99021906502106616,0.042690040006959751,0.02059912025815713,0
242,243,0.053710800573597339,-0.099635356431670985,0.023633370234517059,0.088782077981777049,0.0082362537201454526,-0.14776900461824891,0.98499453197874498,0.042890781743119478,0.021938160276868922,0
243,244,0.002834099372233112,-0.10841126801458678,0.01773228106774738,0.097059519795947902,-0.013858113667726844,-0.14200623588682418,0.98499828998420502,0.042747210965648597,0.021937289233144183,0
244,245,0.17200800037607067,-0.11947044065117041,0.094427257174865886,0.069453185253070052,-0.010076749032009526,-0.13548965735401231,0.98829007226483923,0.045743281144102615,0.021127408092468651,0
245,246,0.6557849873817716,0.00287271756185703,0.37402231043867218,0.0027046608417784172,-0.00094141799113242369,0.0078839036092498704,0.99996482068409642,0.058873839217409227,0.015335521192986069,0
246,247,0.71316059406526477,0.00045715210118402183,0.39178652397702152,-0.0019203000125832324,-0.0029326894647597039,-0.00397790050325331,0.99998594394518936,0.060342303862357297,0.015212083664545123,0
247,248,0.67214983286816476,-0.0020234846994782174,0.36945169516370413,0.0048160967259142451,0.0064735190131729537,-0.017701153883323009,0.99981076605281249,0.059174919285592271,0.01577818232462383,0
248,249,0.66903187191299907,-0.015003078138832393,0.36760506972408358,-0.0051441715840923581,-0.0052216668600031154,0.012106168734304017,0.9998998511713526,0.059087990748044633,0.015566110944104313,0
249,250,0.68422120610574666,-0.0027023779603325693,0.37555364889911047,-0.005546702087717589,0.0003769356957595729,0.0076580061251083423,0.99995522247629642,0.059512920478058881,0.015378535527014613,0
250,251,0.6684233648457365,-0.043247383399268813,0.36832733658009609,0.010559815207593146,0.01104506709459888,-0.021872593784416149,0.99964397984322362,0.059110291038383736,0.016067395010430002,0
251,252,0.6659003710052076,0.016095613806314191,0.39008213593743335,-0.011329279476376209,-0.0044427063524394694,0.017887625720737575,0.99976594392532048,0.059297772631611297,0.015865452862954564,0
252,253,0.65836183544018922,-0.032821304673738894,0.3904934076321851,0.013309562543788811,-0.0027083093375859708,-0.026818902113136259,0.99954803140963211,0.059154024476086892,0.01620266722300899,0
253,254,0.66724287381632053,0.021543817644527508,0.34356975528842604,-0.016634139193087722,0.0082593268252411766,0.020619836924842993,0.99961488147130539,0.05877027845901453,0.016110161430587615,0
254,255,0.66738756796657839,-0.048121586790379922,0.39668249172675552,0.010815920280586679,-0.0074006485039231507,-0.012040525056520378,0.99984162347172201,0.059446703644739446,0.015711911700087292,0
255,256,0.67985355859450181,-0.0048640436778200069,0.37837053318767921,-0.0074932038412577661,0.0029916596159000851,0.0087182530106588892,0.99992944447764809,0.059451683417496869,0.01547516347350434,0
256,257,0.66117044145646986,-0.059610497202719159,0.35615660560743123,0.01499933868494073,0.006872651006543393,-0.020014669643881489,0.99966354315149608,0.058833933666229722,0.016037652299990719,0
257,258,0.66883709253638557,-0.0098860159061828767,0.38732561427010026,-0.0072932367860106323,-0.0028871996170846004,0.013431127265535397,0.99987903148127444,0.059323915253073289,0.015622179286576172,0
258,259,0.66264675647559557,0.0042968587871001773,0.36768335194848945,-0.0030495188825039109,0.0013488402280209841,0.007169994295233682,0.99996873563448518,0.058945814745002725,0.015316301266143808,0
259,260,0.66860053990241397,0.035576851273390275,0.38144419281962172,-0.021871284717167282,0.00065317640738274266,0.020272949110286473,0.99955501489401433,0.059264476156583867,0.016193338995403764,0
260,261,0.67695139587220865,0.0035152114061958173,0.37595745987605156,-0.0017079677849151228,-0.0028247851830581349,0.015525135777244211,0.99987402886254306,0.059358776445081293,0.015634914248909369,0
261,262,0.67076249898053675,0.014830499033358535,0.36411849787951311,-0.0036850515166880642,0.0023742877879342691,0.0059772632149335415,0.99997252736126652,0.059084099308033676,0.015296501005869075,0
262,263,0.66303045994209953,0.010722081853494103,0.38048136517748432,-0.0046877686316783443,-0.0015826321474638309,0.0077241830943446535,0.99995792766309266,0.059112993340552838,0.015366922910374642,0
263,264,0.66680461083763021,0.040997622709870285,0.37963537595590324,-0.021725661917703417,0.015478029127509283,0.020516198091113519,0.99943359551520583,0.059209896745873021,0.016346352657371482,0
264,265,0.63479183635199377,-0.10098618348111543,0.39167938630460242,0.037408832390139861,-0.017922548922366964,-0.044242051196554652,0.99815930712750123,0.058817738081547687,0.017427349396556588,0
265,266,0.69503497855590268,-0.0028868432227611152,0.38621986591651236,-0.00046256699905165052,0.0016113752611659614,0.007724024289452798,0.99996876398731338,0.059878501894455066,0.01531615781022941,0
266,267,0.63717707023780434,0.055906392475662869,0.35314595959805217,-0.073795875147616485,0.015617312198543129,0.13412450740725348,0.98808951258661404,0.058265955565219275,0.021179762087670244,0
267,268,-0.01400632982402783,0.096086580967305935,0.0026315744718310441,-0.095670032720636178,0.0012599854574604035,0.13417697078029536,0.98632763207166774,0.04242844259523039,0.021622057113540032,0
268,269,-0.048724377882948033,0.063591712290369529,-0.023708318429516595,-0.076577409333327517,-0.012892844442815415,0.13897836510135159,0.98724601238785703,0.042088668121503629,0.021395295995544371,0
269,270,-0.03712454850898439,0.088768532019917856,-0.012691863273534665,-0.092609700813684206,0.011216162503008451,0.15558384319231158,0.98340800726423627,0.042426309926143144,0.022296701545951449,0
270,271,0.14010869182457952,0.10951265299268087,0.059745363539477125,-0.072147072149334163,0.0011800728770090317,0.10260841181637147,0.99210126561395218,0.044689947704582816,0.020030834420897294,0
271,272,0.41243063406308522,0.11894117333405063,0.26713850160685837,-0.071065080747715698,-0.016851703766228965,0.13928855498765463,0.98755479484834008,0.052639447418412838,0.021317241175091452,0
272,273,0.53694364164485009,-0.036620627890954438,0.29887139494036852,0.066220981672229062,0.0040632511133455599,-0.1068126521584493,0.99206316780517279,0.055390209050796765,0.020042968445400888,0
273,274,0.65178187564740142,-0.16193485159354992,0.35327045044570582,0.040877809342505567,0.0039862844696901267,-0.060849211018154319,0.99730160320634831,0.058971072069422925,0.017939176061522056,0
274,275,0.096935417504660393,-0.097484257473809066,0.056251155410027565,0.061104886319058714,-0.0010675882198963461,-0.1122072108620559,0.99180370787464078,0.04371347614330106,0.020124845580858058,0
275,276,0.024570908093373589,-0.081866381384987363,-0.027831225060587883,0.065050901498589386,0.014557921507539416,-0.12732917241199104,0.98961797123358608,0.042247277660578786,0.020768893991316217,0
276,277,-0.011492813723741335,0.11086497405426066,0.0063346615145860596,-0.07260799327858547,-0.0081417944859202909,0.14269177686723983,0.98706678969007766,0.042790973752098553,0.021440170146022085,0
277,278,-0.14237473713493642,0.059922669013733554,-0.027517369414724158,-0.079998731316179669,-0.017323200967711606,0.14321607030941338,0.98630079940207049,0.043922570717612852,0.02162856687546813,0
278,279,-0.26764661468363116,0.028443344206110055,-0.16430372858138043,-0.073596697635458105,0.0098752467591560825,0.13420474690969172,0.98816754222424563,0.047883505304073946,0.021159445739833777,0
279,280,-0.04131723234852025,0.050697224802753738,-0.041820954098229279,-0.076336856554122853,0.0018787464098349402,0.10043476240690623,0.99200907916391123,0.041940733510384791,0.020060145781923118,0
280,281,-0.68578814897863438,-0.025729953605718947,-0.36730189083226428,0.017728082147023694,0.00089315062225815646,0.015668917365922633,0.99971966191224548,0.059459542883908055,0.015947166193610314,0
281,282,-0.051986791178748604,0.090163663191077603,-0.080056429441150101,-0.090816188941050716,0.012627259653031334,0.13084923999605361,0.98715320418480812,0.043282638469276921,0.021418572335377951,0
282,283,-0.024171085066551967,0.057653827903401123,0.025609310017661535,-0.068397826267708656,-0.010810243713276546,0.11197525741229439,0.99129532316064228,0.041688942343744706,0.020281616359300515,0
283,284,-0.02427002483536711,0.068379080289233229,-0.017015457256130517,-0.06229813894589125,-0.0066759900771858182,0.11753799218111326,0.9910899017921635,0.041863172447793341,0.020343665072908069,0
284,285,0.32329497291889808,0.06761679136187837,0.18592230234256846,-0.063520619176401394,0.00056711427875065425,0.10894490694630649,0.99201603644865644,0.049475586146021135,0.020057939556524747,0
285,286,0.67262089661554114,0.014668641415731543,0.35996635890240469,-0.013233981920076517,0.014395452994669114,0.012122310156295375,0.99973530609461425,0.05907566871610162,0.015920357466820856,0
261,286,2.8735122202622465,0.87403024821430908,1.6081579377046711,-0.4960612968378737,0.00021140593132671379,0.86532402351010851,-0.071676212395300587,0.15511434876104357,0.035000000000000003,1
286,287,0.65576467172470387,0.016682864011499987,0.3873462762283566,-0.0096396505329548483,-0.0059774837481832085,0.014791668204783387,0.99982626159616472,0.059045057763462701,0.015745639987999032,0
287,288,0.66152462899199804,0.075674627660397675,0.39064246609150288,-0.033107758044533309,-0.0043036368019721567,0.066493098364254238,0.99722816994781238,0.059299336457968435,0.017978918733499112,0
288,289,0.70140921696545888,-0.044467064233536746,0.39918157260008513,0.029411472983151842,0.0019502191648013997,-0.056518676864219526,0.99796633263236323,0.060206715117584131,0.017551458903257048,0
289,290,0.2115042118406123,-0.12630280872031818,0.13711444429408459,0.069780860186164695,-0.0029595027773245903,-0.10648169920832247,0.99185861927428864,0.047048350957450774,0.020107626230791695,0
290,291,0.68161186410036478,-0.047365618859736003,0.37241120246212844,0.0052959861829566706,0.00522499196512513,-0.0096649015993226107,0.99992561806685887,0.059453925356654058,0.015487878198804301,0
291,292,0.66960711781655391,0.026019856008588249,0.40102903955653169,-0.010643034581432472,-0.003983430995928244,0.0036133648150894412,0.99992889831583132,0.059523623762395748,0.015476999041540486,0
292,293,0.44953980199651511,-0.11174616673172011,0.23993931714088568,0.072471111031962646,0.0067140113878923456,-0.11039465187000337,0.99121939092986722,0.053041858458161117,0.020304636188832003,0
293,294,0.17739995932139152,0.076900010162198384,0.11011151426601273,-0.074027344182147695,-0.0026364193363378214,0.12310622708927135,0.98962511005848353,0.045562649026325716,0.020766906821207316,0
294,295,0.65791672602666651,-0.049515826337071189,0.37313303084225602,0.013674660749521053,-0.011055070246121153,-0.0213834513644536,0.99961669508016071,0.05894951341969331,0.016107544179818186,0
295,296,0.67386670928979342,-0.0068581345550242645,0.35864994476230017,-0.0087475548638481261,0.0083982640916096772,0.019379353425994315,0.99973866090340924,0.059084895185339485,0.015914506171272168,0
296,297,0.70652960260449404,0.0069887424363912487,0.39122224023043728,-0.0028430208829868676,0.0045284470942770442,0.011245287584816353,0.9999224739480097,0.060191083476503753,0.015498082896637459,0
297,298,0.6806497931138793,0.015436416833196631,0.37220848056410105,-0.013274282270262268,0.006873047335147796,0.016166731837333189,0.99975756632907664,0.059398156755772757,0.015880805935016409,0
298,299,0.61911373019237814,-0.044485428585993247,0.42455692614553264,0.026183825563900216,-0.0074173886712482501,-0.042804014974275481,0.99871277448835161,0.058800421335161342,0.017029779704093868,0
299,300,0.69071764569098804,-0.017162532146592469,0.32913602922423735,-0.0088425159758149015,0.0030676225054683116,0.0092393232688533205,0.99991351351450142,0.059133020284185434,0.015526080547990451,0
300,301,0.68717937937348239,0.011009748577230027,0.37126847483559899,0.0021358106581098372,-0.0031291478743761068,0.0019898378517462746,0.99999084360394863,0.059528456710762664,0.01517117392347872,0
301,302,0.67507538288185032,-0.056175029999479875,0.40778383797548301,0.017771786689856461,-0.004906221080003245,-0.035290625291040524,0.99920701776915666,0.059766924158213997,0.016593072057610129,0
302,303,0.70953488243177176,0.021995127172928619,0.34737137498950332,0.004729371628586645,0.0069610253928139186,-0.042056702379512943,0.999079782076707,0.059757758083359938,0.016716143668988652,0
303,304,0.66307119988676888,0.062206261216331882,0.42379456416047923,-0.01821962922596243,-0.0027394120035213062,0.037621456212400546,0.99912219811452585,0.059734723010245239,0.016676119650369216,0
304,305,0.67835766184835933,0.013541046785235267,0.38460751142350524,-0.0043912934310152132,0.0014922788851325186,0.015739568130762226,0.99986536875760867,0.059498003346172959,0.01565637614442536,0
305,306,0.68749142858697354,0.0043794101161651611,0.38168389392985347,-0.0013617920046733738,-0.00074043165339664251,0.0071887620996808786,0.99997295912588402,0.059658748664700459,0.015294161838368129,0
306,307,0.70145703559114025,0.033301018409446215,0.38617887373025717,-0.011384410303791514,-0.0034833508576792922,0.020182119067062781,0.99972543407617676,0.060035672142502897,0.015937363944945129,0
307,308,0.63733417765809008,-0.16327853614440357,0.3733312938165394,0.052121116487503581,0.011541642613913878,-0.088230522268389094,0.99466856522266556,0.058911487734299633,0.019132284168434915,0
243,308,0.30808624169250676,0.12633904024248854,0.20172467636401603,-0.46868258053915818,0.0015432857437894635,0.78893804737596895,0.39738018869951447,0.13694111611066714,0.035000000000000003,1
308,309,0.66891852288376619,0.00179531552252854,0.35870132951594869,0.0022466758652440314,-0.0049351448162093499,0.0029376362470564044,0.99998098336242358,0.058975672867044374,0.015246684886274718,0
309,310,0.66997811616799652,0.0015738591793450496,0.36817829284993131,-0.0050423833308024281,0.0035996862565289478,0.0032907708433025668,0.99997539342548669,0.059111979366725464,0.015280608911778647,0
310,311,0.42267262584308796,-0.14172826213817302,0.26390131710301645,0.063716405718035746,-0.0071319587247343445,-0.11665524885923094,0.9911008564826862,0.052951422559281487,0.020340374235874217,0
311,312,0.034146727475089733,-0.096366449773526597,0.011600852709724663,0.084693431344432038,0.0057368006135272891,-0.14025409850584158,0.98646991827330455,0.042572337388301303,0.021587431137299988,0
312,313,0.042812565991965812,-0.06203257052257527,0.010409120621008405,0.065748589163909257,0.0019916958366785376,-0.10988402818206619,0.99176542414077562,0.041902187130081682,0.020136816793276842,0
313,314,0.10150971729255964,-0.10496872807330959,0.058007098425953529,0.070827923097473017,-0.0019624918594474765,-0.12028543256255289,0.99020753816997353,0.043928062503157735,0.020602423974701588,0
314,315,0.22751868061660829,-0.079035691956349297,0.16388753062503447,0.066397848931610534,-0.0065408077266094662,-0.13050132763947248,0.98920066062244094,0.047283136057312158,0.020883898890055756,0
315,316,0.65716392621551734,-0.063172529698519497,0.38223820795099783,0.019741963578543308,-0.0054108167544131454,-0.021523352929321539,0.99955876426290891,0.059071596060062306,0.016188300553324375,0
316,317,0.028087454956143176,-0.077357698047713086,0.0038587271152614733,0.083017675037596786,0.0012203047230405011,-0.12121441473738083,0.98914793744293339,0.042059734258967738,0.020898270236930985,0
317,318,0.13325323596536975,-0.09830646373557439,0.085149109042120585,0.05562960590407607,-0.00039290851114260066,-0.1273961143353908,0.99029057484260807,0.04465503467213882,0.020578581360179232,0
318,319,0.15668739717840907,0.022997269523154173,0.100522145355189,-0.078715375487188349,-0.0040067148142343698,0.14990198343040809,0.98555427616237257,0.044689384057826444,0.021807205186129271,0
319,320,-0.67896213915610559,-0.0083944758376279793,-0.39083661152306703,-0.02011917840950779,0.0018392209500280596,0.022037468747776595,0.99955299304119649,0.059586559654180853,0.016196047176742726,0
320,321,-0.69545403858202093,-0.018733514020070174,-0.38752238506945602,-0.0086403421492722548,-0.0019485344336996832,0.016386946199251667,0.99982649279530855,0.059908868364021581,0.015745143685219513,0
321,322,-0.12423887230245612,0.095520311559242899,-0.082870819716372779,-0.07608530184942347,0.0039596145376738206,0.11778821972035033,0.99011175308159316,0.044431915505161429,0.02062980248728144,0
241,322,0.29334500602416125,1.7929720822344875,0.14954742649532071,-0.10044382850155766,0.0028049161918373439,0.15979813153029018,0.98202226396377323,0.13428576800190875,0.035000000000000003,1
322,323,-0.016063881811863467,0.080264930439657434,-0.0047791659335452152,-0.072182103465207134,-0.013717346763081653,0.13627678074108496,0.9879424160182444,0.042049900574474428,0.021217882104901682,0
323,324,-0.0095332485833914404,0.05288796347562652,-0.011595810991650524,-0.064954600444055821,0.018882403285772561,0.12517517588287386,0.98982600999872605,0.041374427685826456,0.020710702552522369,0
324,325,-0.020103807477498847,0.055920369939840953,0.0021202476723019004,-0.069916099829373773,-0.015853263431460471,0.10794421836160639,0.99156868584355951,0.041486553543328683,0.020197903795960592,0
325,326,0.072893952092133674,0.10253117794740518,0.024352942177936932,-0.065250177629603834,0.0044146652176778054,0.12376120412089248,0.99015457854057709,0.043203439215867716,0.020617577953958289,0
326,327,0.49156335108812854,0.1219799651112865,0.28327426820409496,-0.074143651016147297,-0.0011032771567018205,0.12506033085382845,0.98937425448625971,0.054507712411164859,0.020836332207638111,0
327,328,0.68072264275611971,0.052770149647393794,0.36996184767538498,-0.01260400599436848,0.0076717427705534757,0.030872464750000734,0.99941441570352407,0.059413908895912568,0.016368960431155728,0
328,329,0.67324358646887106,-0.012468730972273079,0.38471425978540719,-0.00012289737739380773,-0.0032884447024055892,0.0016017541213949838,0.99999330268327724,0.05938777736190641,0.015146394799891164,0
329,330,0.6756116392141962,0.025850610404454244,0.37589420736272938,-0.0048900539991045752,-0.0010374923254092582,0.01450743939863912,0.99988226566114036,0.059339334855237895,0.01561380556963576,0
330,331,0.66637796836843322,0.013406893370941475,0.36404798522820681,-0.0093722155678364599,0.0059906477375783864,0.00026635014475007889,0.99993809947047951,0.058986348336788876,0.015445065992926317,0
331,332,0.27479635024009497,0.062860655461527415,0.17131497814801566,-0.055794681218746298,-0.0064920342841742456,0.11149044021123045,0.99217674271273748,0.048246715931515742,0.020006708836893893,0
332,333,0.659098438482566,0.13667304105505451,0.35752289522945979,-0.03462398186652655,0.0072705255419735666,0.071264941880632787,0.99682978857817051,0.059054410453597238,0.0181859129326018,0
240,333,0.770267131824108,6.513624580776904,0.33336276020335903,-0.42421789067165311,0.013582138323157536,0.74481402512702088,0.51488520538732652,0.15690794488339807,0.035000000000000003,1
333,334,0.23920221049140977,-0.10014217651196233,0.15622823464559765,0.058581708509117328,0.0069364448736598354,-0.11884364257897923,0.99115904767056795,0.047568578727253293,0.020322859442806544,0
334,335,0.10311662345512573,-0.087020170495897275,0.069989371627167785,0.067699473838730068,-0.00639390664895497,-0.10570478774142966,0.99206975412430698,0.043800004954494057,0.020040872802031425,0
335,336,0.10014943403858823,0.082077207056762802,0.023246754586510932,-0.071849645012875468,0.0017915854128392676,0.11356258868143253,0.99092782642592292,0.043288900714457429,0.020392119952908152,0
336,337,0.23905903524308414,-0.077972729112005368,0.15479770933709958,0.07261489773319009,0.00026260049195286743,-0.11600819064643922,0.9905902822918865,0.047382043231405407,0.020491669904475131,0
337,338,0.665166987191121,0.052042239214109998,0.36506494876834861,-0.010300571088495553,4.3404314461235968e-05,0.025933574779010996,0.99961059720798173,0.059013612431797528,0.016116319763602335,0
338,339,0.68836675514963019,-0.035378387292546165,0.40555478971006842,0.011156151462723213,-0.0044567622569509219,-0.01208631277685281,0.99985478875594025,0.059993359949921971,0.015681679710315834,0
339,340,0.70814133962101877,-0.012909581940036219,0.38191492090598267,-0.0016399627038963325,0.0046444845302774321,0.0034253447758454555,0.99998200298752604,0.060116688050545569,0.015239980442245438,0
340,341,0.67817921307491602,-0.0028917989508627784,0.38868798465148746,-0.0052929167965179201,-0.0012855445629773067,0.0099550223922444808,0.99993561289521615,0.059541842239162736,0.015453917334308519,0
341,342,0.65776534750431281,0.012093659820742175,0.36827141173581346,-0.013410700542424317,-0.0025733462451895017,0.0067159709937829725,0.99988420666278877,0.058848496983964306,0.015608724757408333,0
342,343,0.66309418543684018,-0.13289636080599365,0.38349852924295824,0.045730716974244856,6.8535785590088458e-05,-0.064221175311209466,0.99688732435993721,0.059436217215020515,0.018156855029102095,0
343,344,0.65721015542097661,0.032601184552298434,0.36745719770339313,-0.023095326806928097,-6.207952431639244e-05,0.048783370204398331,0.99854233000775416,0.058841656272849062,0.017160017972962866,0
344,345,0.67464685708776528,-0.035812455324794712,0.37567938781621901,-0.0058572569993084692,0.00095504468774904136,-0.0077463432739015249,0.99995238616444693,0.059325596953340783,0.015390340214291157,0
345,346,0.6680667092745125,0.035016273042778323,0.37129852420455567,-0.0087521277224503376,0.0082927227757160129,0.0064077054147630057,0.99990678181549142,0.059127889675405318,0.015546171058380184,0
346,347,0.66142392636882974,0.021354717876256757,0.36335933470440551,-0.0044403589805570983,0.00040930169825836491,0.013443398754789566,0.9998996903260664,0.058874050314942375,0.015566565374116451,0
347,348,0.26288765211392473,0.067406632526228805,0.17366864593099951,-0.0751108752403159,-0.013061619396796974,0.11603898362706697,0.99031444743483577,0.048055059369815536,0.020571707978468592,0
348,349,-0.016325296690055779,0.076487458619830306,-0.011623199155813779,-0.073484880480081755,0.0075944826407148861,0.13575991830534229,0.98798357312051233,0.041976731107908068,0.021207239656256802,0
349,350,0.010091764497623501,0.051414618903134368,0.0019198336898238466,-0.060365070980642949,-0.0061186260293254174,0.10999954772140223,0.99207798086748311,0.041310770886975157,0.020038253988584626,0
350,351,-0.011659475008141129,0.087063448390487963,-0.028830234959885459,-0.067493870121773464,-0.0046352607201202815,0.11012870522762895,0.9916122024959797,0.042311272627113532,0.020184453579088223,0
351,352,-0.073431276058293804,0.10070519189679139,0.0087608796468927608,-0.060657923100847951,-0.0087242936676523043,0.1099202906449159,0.99204941044770023,0.043123543759768929,0.020047342986858344,0
352,353,0.67967078827802396,0.0014990959227159095,0.34486828229765365,-0.01071222582821706,0.014700013402437312,0.026831601262929425,0.99947447340962181,0.059054014666566831,0.016296854812573296,0
353,354,0.34530992845809294,-0.077893968312993778,0.20285109485962138,0.077698821902937115,-0.00049753918686220526,-0.12967012410588519,0.98850812057565696,0.050199723760874178,0.02106998060613844,0
354,355,0.0074040243615591805,-0.096534281346110973,-0.0040634355506128372,0.089623261418467992,0.0097912072796819075,-0.1265285535228052,0.98785744336728565,0.042422575922472637,0.02123979746541764,0
355,356,0.28956969056031667,-0.12576137433890722,0.17300721626907922,0.086221001354618854,-0.013341804143506169,-0.15016192630309014,0.98480420951402747,0.048999931452793972,0.021982133208460149,0
356,357,0.045240268805994077,-0.077035684543307781,0.0011219578084817883,0.068384681584021473,0.004706171258039937,-0.1312277504643313,0.98897960787106898,0.042233612181537261,0.020943922834692673,0
357,358,0.64709816610055171,-0.17661581969541373,0.39375200226753648,0.054847248867905818,0.0010162528600743681,-0.099969627072853867,0.99347713621636058,0.059444951523902584,0.019571202882869114,0
358,359,0.38000548063646988,-0.068760240590101773,0.21873840809914036,0.067015377303782528,-0.012690043017415208,-0.11436450509741718,0.99109467861898592,0.051095568574252667,0.020342230340967615,0
359,360,0.45838241430837101,-0.12507809281424898,0.2932372223277353,0.065963353664664215,0.0033605049487843521,-0.12238312594738081,0.99028274420144635,0.053958577909472609,0.020580834121604424,0
360,361,0.68585186223740635,0.027400846308108129,0.36224490171662715,-0.0036153945612243791,0.0048998755840776332,0.02068123490530107,0.99976757632172641,0.059403043448976761,0.015862429465716896,0
361,362,0.48796836637183461,0.07927156004120306,0.28356926934968563,-0.06768346289632643,-0.0030000545642090101,0.10526519419844593,0.99213365400702791,0.054247996291814107,0.020020495884680564,0
362,363,0.66251373266536362,0.011424598051924306,0.35447797599637809,-0.0012154469267189364,0.011224965390682216,-0.013079517859467892,0.99985071338340825,0.058786790619963038,0.015691179469962201,0
363,364,0.64558762616453436,-0.011663223733911821,0.40191337824779794,0.015192451358433241,-0.011414450248182249,-0.0023901432718347903,0.9998165766591357,0.059014037207073877,0.015766141393722448,0
364,365,0.46565031298473869,-0.093900092341520747,0.2657890092615034,0.072561542698123774,0.003780665304288985,-0.12765496406008353,0.98915354684798262,0.053608160207407329,0.020896742871586479,0
365,366,0.65410839677975829,0.12738964016651266,0.38431715576699332,-0.035029779654835592,-0.0065408259562564301,0.057946891987379935,0.99768346174633293,0.059231900441980033,0.017723194123474003,0
366,367,0.65995899651722922,-0.084590634149055433,0.36811028493473863,0.057869020175514013,0.0077487602577706689,-0.10522415732888671,0.99273310105628054,0.059009974920165305,0.019825173105305939,0
367,368,0.10701724723110573,-0.10563286472621414,0.064386648286513193,0.086073419504449494,-0.00034466042677530243,-0.13509057119440737,0.987087526634984,0.044089363779425336,0.021434993858163193,0
368,369,0.30404893755325446,-0.09388327368221816,0.16157178525433835,0.068711553135718625,-0.0049689009742994901,-0.12460007648371897,0.98981253448773643,0.048922067700890137,0.020714489672195774,0
369,370,0.64500497460077355,-0.11824745737233577,0.36839546517795796,0.036181359326104702,-0.0079972501628130833,-0.058268596006965392,0.99761301312008044,0.058803741269998155,0.017764308001693731,0
370,371,0.66397004535937754,-0.12642259250938859,0.35814757820172005,0.033355558969733051,0.0065985187810521954,-0.061200378395765281,0.99754617934205325,0.059123097630926033,0.017802755703624159,0
371,372,0.095158023640486533,0.09314326458834099,0.054429552815545179,-0.08353336532471943,0.0037628669569815662,0.15419088545295603,0.98449641368215479,0.04359629092095569,0.022052673357833136,0
372,373,0.14518153317267846,0.074262312849034728,0.065546609200268335,-0.070869647075275238,0.013988124477760716,0.12941787734929203,0.98895542797409441,0.044393811461996162,0.020950452095878303,0
373,374,0.079403164667521509,0.074059719616162312,0.083240595017482377,-0.081630513956367154,-0.020991313879875205,0.12349830096022683,0.98875881467259408,0.043420407622611179,0.021003281608448825,0
374,375,0.65687764123423875,0.14652619655840127,0.3487286538442973,-0.056427228147098503,0.0083788296548859761,0.09971671471781339,0.99337925282499018,0.058950096237278461,0.019605411014544841,0
375,376,0.67691218422375599,0.13166656047238945,0.36035990659559403,-0.038392251665679958,0.012211449728260047,0.052094670314561782,0.99782917417381145,0.059451951228906175,0.017636125456984175,0
376,377,0.21278719511193955,0.088408890688612018,0.12074699238526243,-0.070073127785835312,-0.014475943195339507,0.12391376279593377,0.98970984799620365,0.04650357394661217,0.020743266934394457,0
377,378,0.14641878934214247,0.1037849684231773,0.095808909008572307,-0.068067426015121696,0.012535538482740388,0.15212805922347619,0.98593444984315382,0.045086079567581469,0.021716820123594677,0
378,379,0.16290522818126618,0.075020071382269293,0.083292886434737312,-0.086387147735634065,-0.0072175860795558244,0.12054466659533183,0.98891564377994656,0.044943672054355274,0.020961179513437865,0
379,380,0.14195959945971737,0.038068107620922831,0.09030499168114936,-0.065972255877440045,0.0026943271895990676,0.13467457169572386,0.98868759565092679,0.044312532624451527,0.021022304499642038,0
380,381,-0.015566833483511289,0.086955219955850538,-0.015959879830722556,-0.084123931453022771,0.013535104233134494,0.11839256231791719,0.98930438505956475,0.042244194502834592,0.020855523351467259,0
381,382,0.65257064497826178,0.14463885613462679,0.37498540944653413,-0.049265494250476952,-0.011143571483806356,0.08311937416262323,0.99525871085344197,0.059160227404200197,0.018896681881993525,0
382,383,0.6621423659431116,0.044289954777196883,0.38810251975874621,-0.0027673961633492114,0.0059026819649850779,0.023004936796510455,0.99971409550285129,0.059219418544697117,0.015956523909582875,0
383,384,0.64783205141478817,0.071494937268719028,0.38467764820340733,-0.0355345209774715,6.4030742382848469e-05,0.053395300559940795,0.99794099805403291,0.058920471484655436,0.017567307642297376,0
384,385,0.27632143207034687,-0.098618005242255613,0.16940227335625124,0.071154207562552044,-0.010747131942334157,-0.10677917854517753,0.99167524166451615,0.048469658161550667,0.020164907530490477,0
385,386,0.66676712380496639,0.049308152176108067,0.36299816494845238,-0.012544205586124972,0.0055148344677446977,0.033253353468170481,0.99935301269877974,0.059019354599560446,0.016438951928244919,0
386,387,0.67761766427022962,0.072146362973692035,0.38938630549830933,-0.023886141683126774,-0.0021376632444357765,0.038292532484992141,0.99897876082889414,0.059621297286542307,0.016807905342683581,0
387,388,0.024937561432004429,0.065966743396845828,0.016439468719188,-0.066340781437625659,0.0040380790743510843,0.11124277802625462,0.99156827247176282,0.041810343430182771,0.020198031395836775,0
388,389,0.65889279751159791,-0.058203020726892873,0.3694228951552212,0.021758026088483512,-0.0032273269397579637,-0.041909835128422702,0.99887924114032189,0.058940706588246322,0.016893963693285996,0
360,389,5.2751453279285716,4.3867573978569281,2.8828405600541314,-0.43294017282212943,0.0067363242634626442,0.78119195495787597,0.44972942776880209,0.15758212405676958,0.035000000000000003,1
389,390,0.68247923103833585,0.0057398706869165039,0.37177399142355227,0.00067193838067999649,0.0015099457948020715,0.0075281578259393687,0.99997029726000231,0.059429789429076112,0.015308300565247021,0
390,391,0.4627162929898887,0.065898252037191796,0.26367362330460509,-0.064223598088919087,0.010750146035136627,0.11100777167177131,0.99168394079827882,0.053415772598103525,0.020162204481313999,0
391,392,-0.0059078167629031952,0.083952848060286023,-0.023751600559467789,-0.080001738852921195,0.00048470945097406646,0.11742914871618786,0.98985346484671599,0.04218619554327175,0.020702978990864745,0
392,393,-0.015060797046992036,0.090198579382287036,0.003344338157045712,-0.05936721769652635,-0.0064709329691423319,0.11540610166322778,0.99152160449905413,0.042287711182599066,0.020212416926853792,0
393,394,0.10318543430199512,0.10530623116348892,0.068323161979829905,-0.076765814068879057,-0.0052769786068079918,0.13494147813915025,0.98786130644172265,0.044062380047219213,0.021238802793822401,0
394,395,0.10905440254622434,0.092822969042714476,0.05539611685942436,-0.08010160202882223,0.0047783121848662636,0.13032204889509807,0.98821913797338679,0.043838757616381382,0.021145975313597274,0
395,396,0.65427195693548512,0.10006381057285196,0.37319142541690642,-0.023165939860973754,0.0028420647194100051,0.046963063529336664,0.99862391948241858,0.058995992995617051,0.017098682430891906,0
396,397,0.68380180312170324,0.021228288225408676,0.39178216657319798,-0.0068979269262740943,-0.0015620185762803983,0.016602030654941785,0.99983716238206499,0.059709274660332233,0.015721868769182582,0
397,398,0.6522944762813303,-0.02212495621315469,0.38388085444146025,0.0034209601572489584,-0.0035495417698829237,0.0092930719707691907,0.99994466676820293,0.05892983933967208,0.015420794456613623,0
398,399,0.68502466966639375,0.009199098523922089,0.38169618477571987,-0.0020984509490925307,0.0012219989431642873,0.00219325674542281,0.99999464640919244,0.059606048157034755,0.01513088737857427,0
399,400,0.68487031437106083,-0.002400904440321483,0.38554310582597573,-4.8191889281068502e-05,-0.0017125364706708213,0.0054292788528066474,0.99998379378243774,0.059648419120548649,0.015227727987466213,0
363,400,0.27623060314200182,2.3319913797044904,0.23213037376385984,-0.48986400328234408,0.0071882074638920952,0.84898743282624911,-0.19799476474075406,0.1355089494545656,0.035000000000000003,1
400,401,0.72484430954760626,0.0061214192685596913,0.38667148174472388,-0.015731724906648519,0.010061385243928862,0.00096011612360985771,0.99982516448400316,0.060538859201098354,0.015747990611300767,0
401,402,0.15358590979571574,-0.098260777529844745,0.087411734995635371,0.082496666591587151,-0.0061576303726627929,-0.12070520662416673,0.98923537981781029,0.045054986616172597,0.020874416030156415,0
402,403,0.14938187468534636,-0.10948574591904148,0.079657446502283236,0.065200085173514749,0.0054881846158316462,-0.12692461687088841,0.98975197416078287,0.045040298963554985,0.020731478693330741,0
403,404,0.063398458525171009,-0.01908211435196705,0.044089353378391927,0.059936588887595538,-0.0049932515341615724,-0.11008333493996809,0.99210096871242437,0.04198861803660766,0.02003092909558871,0
404,405,-0.03819534468141228,-0.12274769801606311,-0.024303463928593061,0.083073139895682824,0.00087662780688863105,-0.15453367838614471,0.98448840886828537,0.043270754890168989,0.022054498574283703,0
405,406,0.31326646234043665,-0.15465090906249479,0.18399885836408103,0.089624531062632212,-0.010179692977095738,-0.12897388493949272,0.98753711539683908,0.049871308170033539,0.021321736023018362,0
406,407,0.6665417184378768,-0.11586359936155777,0.35777221105893986,0.015957453659491732,0.0079215024072670573,-0.042143646236163144,0.99895271287195475,0.059132811984277431,0.01683082056430326,0
407,408,0.66425259804575632,0.02596267539563879,0.36857799140078029,-0.0069764416046398433,0.0058505747783236259,0.009112457796690265,0.99991702813293659,0.059002554273525805,0.015515280162947613,0
408,409,0.6403477371962083,-0.11510530710708355,0.37484754198922765,0.057322763100508989,-0.0080030386042106143,-0.092371941228492446,0.99404098339922708,0.058771739663518903,0.019368961189696797,0
409,410,0.61057369992791877,-0.15415465243463888,0.3328922492061217,0.078810443532206204,-0.0027411017943407994,-0.16145282981694659,0.98372475016912631,0.057807673021278344,0.022226526631034686,0
410,411,0.20434157811587284,-0.12602287571407444,0.11189547914589504,0.091699031320616159,0.0011529388466669254,-0.13902985345936913,0.98603278760594104,0.046621831506625445,0.021693243848101545,0
411,412,0.024855907333353855,-0.060604069894690582,0.028965559187247081,0.061206294461873458,-0.0044706630613716401,-0.120354066229276,0.99083232760751061,0.041790543394509529,0.020420469187481975,0
363,412,-1.3202249641492918,5.584816812863723,-0.70395088252772653,-0.1930959912524558,-0.015242554204088063,0.35081019844394085,0.91619528888293789,0.14462779578900417,0.035000000000000003,1
412,413,0.0064266315560495002,-0.091896744156652943,-0.024213233280318214,0.081259207881267989,0.01066246361318695,-0.12727020702221289,0.98847637675805355,0.042381254113597187,0.02107837447275367,0
413,414,0.63788780013073421,-0.0098294925230142383,0.39728476799853318,0.028050099364162778,-0.011145463538525142,-0.06714568411141715,0.99728653238343778,0.058788837300418166,0.017947376138264089,0
414,415,-0.70988133156119915,-0.031768742706006492,-0.40180438735653556,-0.0049693102010615062,-0.0029025370739192728,0.0080097510213727515,0.99995136137876017,0.060408140587936698,0.015394518503620322,0
415,416,-0.14788188217823972,0.10786695578514127,-0.090921401111987876,-0.069778718047959959,0.023620683999034383,0.14053211172122196,0.98733161570476158,0.045109490704017097,0.021373751929737693,0
416,417,-0.010190452762685709,0.10612570893412254,-0.014560980335068585,-0.10495572894288037,-0.0079220168222938151,0.14583091725998787,0.98369450551614168,0.042690089865203958,0.022233256460979522,0
417,418,-0.031707947512305878,0.095924910248974982,0.0018662848429826795,-0.085266026979165813,-0.0065025428401050585,0.14380517259084147,0.98590440404530044,0.042526171183930365,0.021724007209180777,0
418,419,-0.015173992572844242,0.072524019517592464,-0.0234564988987227,-0.072699495253309349,0.0040938346274576,0.12329909038754934,0.98969457825005802,0.041942966610330493,0.020747533965875396,0
419,420,0.11485266694092999,0.12746576606870264,0.085342459220276723,-0.083728453593442276,-0.013592212952733168,0.15833119809189694,0.98373575187480244,0.044790745764537218,0.022224077069884701,0
420,421,0.16827140997054002,0.11912038293004557,0.091331997178563995,-0.090020294796784847,0.016319507955663792,0.11552258690730394,0.98908268213483019,0.045637290281659013,0.020916009611553203,0
421,422,0.65434500755137393,0.016873605907989031,0.40374307971101331,0.037065661503082228,-0.014503787595821674,-0.02259811225458978,0.99895200195266798,0.059226618623315561,0.01683144196609344,0
422,423,0.058135645543455183,-0.074586083567115935,0.015827488399855483,0.072126540128367236,0.0060601095952846308,-0.11309611097153885,0.99094414926569785,0.042397048515060064,0.020387259610515272,0
423,424,0.66999524758356088,-0.030357244071935963,0.3934499948509611,0.0020556475460921362,-0.0033660373493619332,-0.0051398542680973977,0.99997901278168422,0.05943929802777774,0.01525915117890096,0
424,425,0.6721403299483093,-0.0010356359000387449,0.38368413885771879,0.002094807856623717,-0.0057420554390074652,-0.011258533472361189,0.99991793963476372,0.059348566065986146,0.015512441957932816,0
425,426,0.66961695685642297,0.0078529221870780042,0.36046588722241069,-0.0048409753333314527,-0.00012051771182831192,0.0067830167727152288,0.99996526995529411,0.059012893538786595,0.015333371843979952,0
426,427,0.68396285012954294,-0.00059836530927848131,0.38332347215544971,-0.0086375473675244854,0.007692850810153814,-0.00093900581699561051,0.99993266327786401,0.059601377864573722,0.015464198157188131,0
427,428,0.66939771082786947,-0.082199438281936654,0.38291265108860095,0.030864471888730278,-0.0020894137312615431,-0.034049411298450606,0.99894126770071845,0.059388658754526424,0.016840799105656019,0
428,429,0.66458051910825233,0.01959199283800217,0.37133811396837402,-0.0057276856124450883,0.0024381471622377461,0.015413045596033606,0.99986183399577511,0.059038498946988108,0.01566493713623579,0
429,430,0.65623209790396331,-0.0043474244153802744,0.38274733123927973,-0.00024128978558323738,-0.0023547269186579944,0.00019540908728685544,0.99999717942385546,0.058992679280272624,0.015095004462556313,0
430,431,0.65316431167848066,0.025776653259169002,0.36943922319416167,-0.01059018739611624,0.013613271897232481,0.0038554919251580027,0.99984381877430339,0.058771211227867874,0.01570696034693907,0
431,432,0.67906947290067166,0.06943339261439796,0.38381454694708594,-0.017354495049232893,-0.0039889493429450485,0.024963294824392475,0.99952976128589388,0.059577888539812877,0.016226736252406886,0
432,433,0.67141129491253437,-0.18696316602566077,0.40389132219351076,0.06027095314340266,-0.0012102113974457763,-0.087372882629919754,0.9943500022509667,0.060138218524265118,0.019254062037021114,0
433,434,0.6923602464229468,0.0063291174752833079,0.38888856869112054,-0.00087375555565041873,-0.0016917049210739695,0.0048278124241656903,0.99998653336576793,0.059853165481439735,0.015207589321168419,0
434,435,0.65432618292201639,0.096387710323633247,0.382930674437306,-0.02475659850290465,-0.0065847722269015262,0.04605370401257048,0.99861043853547238,0.059106105794086788,0.017108939750558643,0
435,436,0.78527223739574481,-0.0038310989388059546,0.41239552850717232,-0.0052097234912428627,0.0050437931885053289,-0.00083815367037601307,0.99997335786001884,0.062174552364088267,0.015291984976504741,0
436,437,0.64601229935508186,-0.0037121395377066602,0.38416129188892789,-0.00088799500326865112,-0.0013528400043132075,-0.00021256337727309566,0.99999866805191673,0.058790382664473562,0.015065285793344717,0
437,438,0.70859989874814744,0.030687618204294553,0.40804555073188276,-0.012339112716920347,0.0059738781133234038,0.017700077283638416,0.99974935175862933,0.060456611368470574,0.015895604757160078,0
438,439,0.65521615431267932,-0.015933903255068271,0.37059131210822116,0.015611014380426799,-0.004604053727270842,-0.020214758206300892,0.99966317450927,0.058823190795454484,0.016038220633194374,0
439,440,0.65852524546661861,0.016563854930697453,0.35875901017810108,-0.0021873791940918421,-0.0027228366398928364,0.012572073147205627,0.99991486863116263,0.058752297985697088,0.015521942760866518,0
440,441,0.66790408843853832,0.011280243182436811,0.36103359625476639,-0.0083885308012534906,0.0035725207363903311,0.0039138206480985992,0.99995077461569026,0.058983024865386632,0.015396891070885469,0
441,442,0.69086261353784018,-0.122226583723684,0.37559764808932083,0.042488255857318441,0.0024361172838949668,-0.067380876925302563,0.99681925687235773,0.059895101184137753,0.018191203282592931,0
442,443,0.32859730187767866,0.071673434903253508,0.20582007137136937,-0.078033964540650549,0.0001475661839065284,0.124067349983187,0.98920067290233848,0.049857584955614029,0.020883895538727527,0
443,444,0.65528385447741577,-0.13311846439160657,0.35993762540138441,0.048763168829864187,0.00042304030365790916,-0.070989393218511998,0.99628433715131703,0.058984739754608599,0.018449274083134664,0
444,445,0.68966466331863963,0.0092768642230536269,0.38930333684843443,-0.0041050471189687208,0.00046651942779334018,0.0045435166632545295,0.99998114352426937,0.059800260353742057,0.015245643872251621,0
445,446,0.67078569700963264,-0.095232264302633096,0.36532022791371777,0.0194148331465419,-0.0030266121686438338,-0.030021058197709859,0.99935611267323643,0.05924320504099817,0.016435500121476425,0
446,447,0.66761147566810841,0.024728187777271593,0.38308861326303401,-0.0037020567574542482,0.0037005440111713812,-0.0041771258548575479,0.99997757593326997,0.059252815562377686,0.015267875496674233,0
447,448,0.67283978396560329,0.0036013109380685915,0.38177061248304067,0.0045760296393008932,0.0015599157124909059,0.0082930983172717666,0.99995392450652953,0.059340293833132232,0.015383982696693341,0
448,449,0.69274862727437192,-0.0075107454869243195,0.3700864228397851,-0.0086321615639808908,7.467609728236813e-05,-0.0011407763014975221,0.99996208870118863,0.059636080188307766,0.015348305789137104,0
15,449,-0.24259015643175993,1.4750982249117799,-0.15357667312064141,0.3744992725740382,-0.0074923820707488153,-0.66571450711797675,0.64538233169578751,0.14021822744831386,0.035000000000000003,1
449,450,0.65366612839647953,-0.035376479715572229,0.37344909978744889,0.0060303763043269782,1.6624246333873715e-05,-0.0091237363155753926,0.99994019407207879,0.058841362955973441,0.015437471001299431,0
450,451,0.66236181755918278,0.0044989033018569824,0.36374973429552826,0.0010385345828002636,0.0019647007932594627,-0.0012437112024050866,0.99999675728432158,0.058892083108594909,0.015101866067849667,0
451,452,0.72661850674241002,0.01346801272889997,0.4028826433250754,-0.0034510682849622034,0.0011048492959414517,0.0087638514909023166,0.99995503116028728,0.060773635123637419,0.015379343334722408,0
452,453,0.67151731728149233,0.0067541864042479638,0.37833207061493113,-0.0054194381218700474,-0.0026320007587022805,0.007138091113501336,0.99995637400723869,0.059269734723438355,0.015373636443487925,0
453,454,0.71548438492244948,-0.0052364883401521123,0.38786807961306802,-0.0033963161021742442,0.0018681636339547194,0.0064404517464302525,0.99997174739233152,0.060346789873661918,0.015300680511929872,0
454,455,0.70209647584772084,-0.013599364979009154,0.40447559501393693,0.00058671736454198877,0.0027428558460878528,0.0062859163282662535,0.99997630959961037,0.060259641394400036,0.01527533539651515,0
455,456,0.65596184985540207,-0.0039393896965262964,0.36542984868160278,-0.0049430837894763116,-0.00058963849106810694,0.004086292353798108,0.99997926001687631,0.05877232739906605,0.01525762021545099,0
456,457,0.6852549356893487,-0.045412268603674089,0.38591891458093719,0.0033802502317531284,-0.0045723304912136907,0.002700373830177133,0.99998018764544894,0.059694066518523964,0.015251793057715481,0
457,458,0.10076410192307317,-0.049896451552514876,0.034929770580870434,0.048048728402993249,0.022537052453527807,-0.11905725556130342,0.99146798781593193,0.042943546859947217,0.020228895838363885,0
458,459,0.63929371875019492,0.14622532901194379,0.40798059350147553,-0.047005574538350914,-0.013189163304189693,0.098171838336602424,0.99397123303004453,0.059308781524735073,0.019394481775855003,0
459,460,0.66458224159779522,0.040946151231408795,0.37398068290022779,-0.0062196766909983605,0.0037021490871020344,0.010238070166541883,0.99992139272707903,0.059092009034055593,0.015501544184432621,0
0,460,0.00014126046757889841,-0.2520132704256462,0.06959618421743724,-0.49986871622790752,-0.0028774110929721589,0.86589079760142584,0.01887097430533187,0.13048635595221564,0.035000000000000003,1
